id,grau_entrada,grau_saida,grau_total
3,31,23,54
4,0,29,29
5,0,23,23
6,20,302,322
7,0,24,24
8,44,182,226
9,0,81,81
10,15,86,101
11,0,743,743
12,0,65,65
13,0,11,11
14,0,114,114
15,361,50,411
16,0,15,15
17,0,45,45
18,0,12,12
19,22,39,61
20,0,187,187
21,0,76,76
22,0,2,2
23,22,74,96
24,0,309,309
25,0,90,90
26,0,95,95
27,0,102,102
28,122,133,255
29,41,150,191
30,23,5,28
31,0,15,15
32,14,4,18
33,34,24,58
34,20,5,25
35,110,65,175
36,34,227,261
37,0,20,20
38,14,14,28
39,28,41,69
40,0,11,11
41,0,30,30
42,0,89,89
43,0,4,4
44,0,44,44
45,0,8,8
46,0,59,59
47,0,146,146
48,0,21,21
49,22,15,37
50,32,14,46
51,0,24,24
52,0,1,1
53,0,39,39
54,40,7,47
55,67,64,131
56,149,24,173
57,0,13,13
58,0,38,38
59,0,94,94
60,0,9,9
61,20,0,20
62,0,17,17
63,0,1,1
64,9,1,10
65,0,2,2
66,0,44,44
67,0,17,17
68,0,275,275
71,0,109,109
72,154,164,318
73,0,13,13
74,0,69,69
75,69,31,100
76,0,2,2
77,0,25,25
78,0,41,41
79,0,53,53
80,43,59,102
81,0,18,18
82,0,1,1
83,0,8,8
84,0,1,1
85,0,1,1
86,108,122,230
87,0,195,195
88,0,1,1
89,16,29,45
90,0,72,72
91,0,2,2
92,0,5,5
93,17,1,18
94,27,80,107
95,39,2,41
96,0,2,2
98,0,8,8
99,0,24,24
100,0,5,5
101,0,16,16
102,0,5,5
103,0,68,68
104,0,30,30
105,21,3,24
106,0,9,9
107,0,4,4
108,11,2,13
109,0,190,190
110,0,95,95
111,0,29,29
112,0,1,1
113,0,89,89
114,0,1,1
115,0,3,3
116,0,2,2
117,0,1,1
118,0,1,1
119,0,1,1
120,0,8,8
121,0,9,9
122,0,213,213
123,0,1,1
124,0,3,3
125,0,29,29
126,0,25,25
127,19,132,151
128,0,80,80
129,0,4,4
130,20,13,33
132,28,29,57
133,0,10,10
134,0,2,2
135,35,7,42
136,0,99,99
137,0,1,1
138,0,72,72
139,0,37,37
140,22,30,52
141,0,1,1
142,0,25,25
143,0,94,94
144,29,0,29
145,0,18,18
146,0,1,1
147,15,58,73
149,0,1,1
150,26,28,54
151,37,74,111
152,51,21,72
153,18,1,19
154,18,61,79
155,53,28,81
156,0,4,4
157,0,44,44
158,0,7,7
159,0,1,1
160,0,1,1
161,0,32,32
162,0,4,4
163,14,9,23
164,0,8,8
165,0,3,3
166,0,93,93
167,12,0,12
168,24,9,33
169,0,3,3
171,53,70,123
172,0,123,123
173,0,334,334
174,0,1,1
175,19,1,20
176,0,39,39
177,0,19,19
178,35,63,98
179,0,17,17
180,0,54,54
181,0,3,3
182,32,79,111
183,27,0,27
185,0,4,4
187,0,37,37
188,1,3,4
189,0,1,1
190,0,2,2
191,0,13,13
192,27,19,46
193,0,21,21
194,0,5,5
195,0,1,1
196,0,1,1
197,0,11,11
198,0,1,1
199,0,17,17
200,0,1,1
201,0,21,21
202,0,6,6
203,0,31,31
204,131,12,143
205,0,12,12
206,0,1,1
207,0,1,1
208,0,6,6
209,0,10,10
210,0,1,1
211,0,2,2
212,0,1,1
213,0,1,1
214,175,0,175
215,0,100,100
216,21,8,29
217,0,1,1
218,0,2,2
219,18,0,18
221,0,10,10
222,8,4,12
223,0,19,19
224,18,13,31
225,0,1,1
226,21,25,46
227,27,5,32
228,44,6,50
230,44,6,50
231,0,50,50
232,22,23,45
233,0,1,1
234,0,1,1
235,0,2,2
236,21,39,60
237,0,41,41
238,0,3,3
239,0,1,1
240,0,5,5
241,0,8,8
242,0,2,2
243,84,2,86
244,0,4,4
245,0,3,3
246,23,1,24
247,0,11,11
248,0,1,1
249,0,15,15
250,22,0,22
251,0,8,8
252,38,0,38
253,0,1,1
254,0,25,25
255,26,86,112
256,0,10,10
257,25,8,33
258,13,6,19
259,78,56,134
260,0,6,6
261,24,8,32
263,0,22,22
264,0,1,1
265,0,31,31
266,0,13,13
267,0,1,1
268,0,3,3
269,0,30,30
270,0,14,14
271,192,0,192
273,13,7,20
274,29,0,29
275,0,56,56
276,0,7,7
277,0,2,2
280,22,76,98
282,101,39,140
283,0,2,2
284,0,7,7
285,61,6,67
286,19,0,19
287,0,1,1
288,0,1,1
289,0,1,1
290,136,71,207
291,2,35,37
292,0,6,6
293,0,3,3
294,0,1,1
295,0,5,5
296,0,10,10
297,0,1,1
298,46,2,48
299,158,0,158
300,22,0,22
301,13,1,14
302,24,13,37
303,0,3,3
304,46,79,125
305,0,7,7
306,22,244,266
307,0,5,5
308,41,142,183
309,0,1,1
310,43,230,273
311,47,321,368
312,0,227,227
313,46,54,100
314,13,1,14
315,0,77,77
316,0,3,3
317,49,140,189
318,0,3,3
319,18,199,217
320,0,7,7
321,43,27,70
322,43,0,43
323,0,1,1
324,16,14,30
325,45,25,70
326,0,12,12
327,0,8,8
328,0,13,13
329,0,6,6
330,0,1,1
331,0,4,4
332,55,0,55
333,0,2,2
334,41,41,82
335,0,46,46
336,0,31,31
337,0,1,1
338,15,1,16
339,20,80,100
340,0,30,30
341,13,47,60
342,0,2,2
343,0,4,4
344,0,3,3
345,0,9,9
346,41,86,127
347,0,8,8
348,35,21,56
349,15,1,16
350,48,2,50
351,0,11,11
352,0,9,9
353,0,6,6
355,0,1,1
356,43,18,61
357,0,2,2
358,12,0,12
359,7,0,7
362,11,1,12
363,18,3,21
364,0,14,14
365,0,8,8
366,0,14,14
367,0,5,5
368,16,1,17
369,0,1,1
370,45,0,45
371,24,117,141
372,44,4,48
373,20,0,20
374,0,3,3
375,0,1,1
376,0,37,37
377,28,0,28
378,17,0,17
379,21,0,21
381,0,2,2
382,0,1,1
383,0,45,45
384,0,1,1
386,0,3,3
387,0,11,11
388,0,1,1
389,10,0,10
390,13,0,13
391,33,1,34
392,5,0,5
393,0,1,1
394,19,0,19
395,0,42,42
396,24,0,24
397,0,1,1
398,0,7,7
399,0,6,6
400,0,12,12
401,0,1,1
402,50,0,50
403,52,20,72
404,0,5,5
405,22,19,41
406,23,34,57
407,135,145,280
408,0,1,1
409,0,2,2
410,0,6,6
411,0,1,1
412,0,21,21
413,0,1,1
414,0,3,3
415,66,4,70
416,0,2,2
417,107,9,116
418,0,1,1
419,3,0,3
421,10,0,10
422,16,0,16
423,0,7,7
424,0,6,6
425,42,79,121
426,0,41,41
427,22,6,28
428,22,0,22
429,21,5,26
430,0,5,5
431,21,0,21
432,53,157,210
433,12,0,12
434,0,6,6
435,18,0,18
436,0,1,1
437,0,1,1
438,0,1,1
439,70,8,78
440,16,8,24
441,0,1,1
443,0,1,1
444,0,2,2
445,0,4,4
446,0,1,1
447,29,15,44
448,0,1,1
449,0,9,9
450,0,1,1
451,0,1,1
453,0,1,1
454,0,9,9
455,0,4,4
456,0,5,5
457,0,732,732
458,0,4,4
460,0,3,3
461,0,4,4
462,0,4,4
463,0,6,6
465,82,17,99
467,0,12,12
468,0,1,1
469,0,10,10
472,0,1,1
473,0,1,1
476,0,1,1
477,23,0,23
479,0,8,8
480,0,1,1
481,0,1,1
486,0,1,1
488,22,4,26
489,0,5,5
490,0,1,1
492,0,1,1
493,0,3,3
494,0,3,3
495,0,6,6
497,0,2,2
498,0,2,2
499,0,14,14
501,0,10,10
502,0,4,4
504,0,1,1
506,32,0,32
507,0,1,1
509,0,1,1
511,0,3,3
513,0,4,4
514,20,0,20
515,10,0,10
516,0,1,1
517,20,0,20
519,0,1,1
520,0,1,1
521,0,5,5
522,0,1,1
523,0,1,1
524,21,0,21
525,6,1,7
527,0,1,1
528,0,1,1
529,0,1,1
530,0,7,7
531,0,1,1
532,0,1,1
534,0,4,4
536,0,5,5
538,10,0,10
539,0,2,2
540,0,1,1
541,0,3,3
542,0,7,7
543,0,1,1
544,0,2,2
545,49,24,73
546,0,142,142
547,0,1,1
548,0,1,1
549,62,4,66
550,0,1,1
551,0,1,1
552,0,2,2
553,0,22,22
554,3,6,9
555,0,3,3
556,0,121,121
557,0,1,1
558,0,1,1
559,39,4,43
560,40,8,48
561,0,4,4
562,0,1,1
563,0,1,1
564,17,15,32
565,7,1,8
566,15,0,15
567,26,2,28
568,0,1,1
569,0,1,1
570,0,4,4
571,0,1,1
572,0,5,5
573,0,1,1
574,0,5,5
575,14,3,17
576,0,1,1
577,0,1,1
578,0,1,1
579,83,4,87
580,0,30,30
581,12,0,12
582,0,34,34
583,0,26,26
584,14,5,19
585,0,3,3
586,10,13,23
587,36,18,54
588,0,22,22
589,18,0,18
590,32,8,40
591,0,2,2
592,17,12,29
593,0,1,1
594,0,1,1
595,0,2,2
596,0,1,1
597,0,2,2
598,0,1,1
599,0,1,1
600,77,214,291
601,8,9,17
602,0,1,1
604,13,8,21
605,0,1,1
606,15,3,18
607,12,0,12
608,104,3,107
609,22,0,22
610,0,1,1
611,25,0,25
612,0,1,1
613,16,2,18
614,0,10,10
615,0,35,35
616,16,1,17
617,11,0,11
618,2,11,13
619,9,0,9
620,0,14,14
621,0,1,1
622,12,0,12
624,14,2,16
625,0,3,3
626,57,31,88
627,15,0,15
628,17,1,18
631,17,0,17
632,0,1,1
633,63,55,118
634,0,150,150
635,0,66,66
636,30,11,41
637,30,25,55
638,0,1,1
639,0,31,31
640,0,4,4
641,0,2,2
642,0,3,3
643,38,46,84
644,54,27,81
645,8,16,24
646,0,17,17
647,34,32,66
648,0,2,2
649,0,40,40
650,14,98,112
651,0,2,2
652,0,2,2
653,0,2,2
654,0,1,1
655,0,1,1
656,54,0,54
657,17,1,18
658,21,6,27
659,44,14,58
661,0,2,2
662,0,2,2
663,53,158,211
664,26,13,39
665,97,7,104
666,0,2,2
667,35,19,54
668,17,2,19
669,0,1,1
670,11,0,11
672,0,1,1
673,42,5,47
674,15,16,31
675,25,1,26
676,0,1,1
677,35,2,37
678,0,1,1
679,0,3,3
681,23,0,23
682,26,3,29
683,0,1,1
684,15,2,17
686,24,83,107
687,12,0,12
688,0,5,5
689,0,47,47
690,0,3,3
691,19,24,43
692,0,3,3
693,0,1,1
694,5,0,5
695,0,118,118
696,33,6,39
697,60,100,160
698,0,11,11
699,0,8,8
700,20,0,20
701,0,4,4
703,0,1,1
704,57,81,138
705,20,28,48
706,24,95,119
707,28,123,151
708,0,51,51
709,0,1,1
710,42,105,147
711,0,1,1
712,0,19,19
713,0,4,4
714,22,0,22
715,29,23,52
716,0,1,1
717,14,1,15
718,0,1,1
719,30,4,34
720,0,1,1
721,0,1,1
722,56,264,320
723,25,1,26
724,0,4,4
725,18,6,24
726,0,2,2
727,0,32,32
728,0,5,5
729,0,1,1
730,46,34,80
731,0,1,1
732,0,4,4
733,49,8,57
734,0,1,1
735,0,1,1
736,0,4,4
737,231,232,463
738,0,8,8
739,60,0,60
741,38,0,38
742,28,93,121
743,15,0,15
744,10,1,11
745,0,2,2
746,28,0,28
748,17,1,18
749,35,66,101
750,25,0,25
751,0,1,1
752,0,1,1
753,0,1,1
754,0,2,2
755,0,1,1
756,64,0,64
758,0,2,2
759,0,77,77
760,22,1,23
761,74,8,82
762,272,50,322
763,54,68,122
764,37,34,71
765,100,0,100
766,0,773,773
767,0,1,1
768,0,2,2
769,43,146,189
770,0,3,3
771,28,7,35
772,0,3,3
773,0,1,1
774,0,1,1
775,0,2,2
776,0,1,1
778,25,0,25
779,14,0,14
780,0,2,2
781,0,8,8
782,0,9,9
783,0,1,1
784,24,224,248
785,0,1,1
786,0,2,2
787,0,12,12
788,0,113,113
789,81,317,398
791,10,41,51
792,0,2,2
793,10,0,10
794,31,18,49
795,20,60,80
796,0,6,6
797,9,5,14
798,30,16,46
799,0,1,1
800,0,2,2
801,0,6,6
802,21,4,25
803,31,6,37
804,0,6,6
805,39,90,129
806,15,0,15
807,0,1,1
808,0,4,4
810,31,34,65
811,0,3,3
812,0,3,3
813,42,272,314
814,0,3,3
815,0,2,2
816,0,29,29
817,67,0,67
818,0,2,2
819,0,1,1
820,17,16,33
821,0,1,1
822,16,11,27
823,9,15,24
824,0,2,2
825,105,165,270
826,27,249,276
827,29,3,32
829,36,0,36
830,0,3,3
831,0,12,12
832,0,3,3
835,0,1,1
836,27,26,53
837,13,4,17
838,29,36,65
839,10,0,10
840,63,7,70
841,0,61,61
842,0,30,30
843,0,1,1
844,31,45,76
845,0,1,1
847,0,1,1
848,0,8,8
849,29,0,29
850,0,4,4
851,0,2,2
852,1,39,40
853,36,16,52
854,0,99,99
855,0,2,2
856,74,91,165
857,115,0,115
859,48,13,61
860,0,8,8
861,25,16,41
862,0,3,3
863,33,5,38
864,20,0,20
865,0,97,97
866,17,0,17
867,0,1,1
868,22,0,22
869,0,11,11
870,0,38,38
871,50,59,109
872,0,29,29
873,27,5,32
874,0,1,1
875,17,0,17
876,0,1,1
877,0,2,2
878,35,0,35
879,0,122,122
880,0,1,1
881,21,0,21
882,16,7,23
883,0,3,3
885,18,7,25
886,0,3,3
887,55,1,56
888,0,1,1
889,0,1,1
890,0,1,1
891,0,1,1
892,0,1,1
893,53,0,53
895,50,6,56
896,83,26,109
897,19,1,20
898,0,10,10
899,0,24,24
900,0,5,5
902,0,2,2
903,5,1,6
904,55,119,174
905,0,2,2
906,18,0,18
907,30,9,39
908,56,9,65
909,0,12,12
910,0,2,2
911,0,27,27
912,0,9,9
913,31,3,34
914,0,7,7
915,0,7,7
916,0,4,4
917,0,1,1
918,26,17,43
919,0,1,1
920,0,10,10
921,0,6,6
922,51,149,200
923,0,1,1
924,0,1,1
926,0,6,6
927,0,1,1
928,21,21,42
929,10,0,10
930,24,0,24
931,0,2,2
932,27,1,28
933,0,18,18
934,12,0,12
935,46,22,68
936,24,0,24
937,73,46,119
938,34,2,36
940,0,1,1
941,66,80,146
942,12,0,12
943,20,30,50
944,0,5,5
945,25,0,25
946,61,110,171
947,43,27,70
948,31,29,60
949,0,8,8
950,0,9,9
951,0,1,1
954,0,34,34
955,25,0,25
956,26,42,68
957,0,3,3
958,42,0,42
959,78,12,90
960,65,22,87
961,0,16,16
962,0,3,3
963,38,3,41
964,0,4,4
965,0,1,1
966,32,0,32
967,51,16,67
968,33,5,38
969,0,2,2
970,0,11,11
971,48,72,120
972,36,0,36
973,0,2,2
974,93,36,129
975,30,11,41
976,0,1,1
977,24,0,24
978,95,65,160
979,22,0,22
980,0,1,1
981,23,16,39
982,30,47,77
983,5,1,6
984,0,7,7
985,33,6,39
986,0,77,77
987,0,2,2
988,0,292,292
989,45,0,45
990,0,1,1
991,21,0,21
992,0,1,1
993,181,238,419
994,33,45,78
995,18,0,18
996,0,297,297
998,0,30,30
999,37,4,41
1000,38,60,98
1001,0,1,1
1002,0,1,1
1003,0,18,18
1004,0,12,12
1005,0,5,5
1006,22,138,160
1007,31,0,31
1008,0,8,8
1009,0,44,44
1010,0,6,6
1011,0,6,6
1012,33,7,40
1013,0,23,23
1014,60,0,60
1016,0,1,1
1017,0,1,1
1018,46,5,51
1019,0,1,1
1020,12,0,12
1021,0,1,1
1022,33,14,47
1023,30,9,39
1024,33,41,74
1025,0,1,1
1026,189,0,189
1027,0,6,6
1028,0,7,7
1029,12,135,147
1030,14,0,14
1031,68,19,87
1032,21,39,60
1033,0,6,6
1034,33,33,66
1035,64,12,76
1037,0,86,86
1038,13,6,19
1039,24,6,30
1040,0,1,1
1041,0,49,49
1042,0,41,41
1043,27,21,48
1044,18,9,27
1045,0,1,1
1046,0,24,24
1047,0,1,1
1048,0,2,2
1049,74,3,77
1050,0,44,44
1051,0,46,46
1052,0,4,4
1053,64,0,64
1055,25,196,221
1058,0,1,1
1059,0,2,2
1060,2,1,3
1061,30,2,32
1062,37,156,193
1063,0,29,29
1064,0,16,16
1065,0,7,7
1066,0,5,5
1067,0,2,2
1068,0,3,3
1070,0,1,1
1071,0,1,1
1072,0,1,1
1074,11,95,106
1075,31,74,105
1077,8,0,8
1078,0,5,5
1079,0,2,2
1080,53,5,58
1081,0,1,1
1082,0,4,4
1083,0,2,2
1084,0,5,5
1085,0,4,4
1086,0,8,8
1087,0,2,2
1088,0,1,1
1089,0,8,8
1090,0,2,2
1092,13,0,13
1093,0,2,2
1094,0,2,2
1095,0,10,10
1096,0,1,1
1097,46,88,134
1098,0,305,305
1099,0,8,8
1100,32,2,34
1101,0,1,1
1102,0,15,15
1103,53,9,62
1104,0,1,1
1105,0,3,3
1106,0,2,2
1107,0,1,1
1108,0,1,1
1109,0,1,1
1110,0,1,1
1111,62,60,122
1112,0,1,1
1113,0,6,6
1114,7,39,46
1115,0,1,1
1120,0,1,1
1123,65,0,65
1124,18,20,38
1125,30,37,67
1126,0,2,2
1127,33,62,95
1128,15,13,28
1129,0,62,62
1130,0,1,1
1131,34,0,34
1132,0,57,57
1133,0,399,399
1134,0,3,3
1135,0,115,115
1137,22,135,157
1138,0,3,3
1139,0,2,2
1140,47,0,47
1141,12,2,14
1142,0,48,48
1143,0,14,14
1144,19,7,26
1145,0,2,2
1146,0,1,1
1147,0,3,3
1148,0,1,1
1150,0,8,8
1151,71,472,543
1152,22,0,22
1154,38,2,40
1155,0,1,1
1156,34,4,38
1157,82,2,84
1158,0,1,1
1159,51,2,53
1160,21,24,45
1161,0,1,1
1164,73,39,112
1165,47,13,60
1166,144,599,743
1167,73,158,231
1168,17,5,22
1169,0,29,29
1170,0,2,2
1171,0,1,1
1172,0,1,1
1173,0,1,1
1174,0,1,1
1175,0,1,1
1176,0,1,1
1177,0,1,1
1178,0,1,1
1179,0,10,10
1180,0,1,1
1181,0,1,1
1182,0,7,7
1183,0,9,9
1184,0,79,79
1185,49,43,92
1186,193,0,193
1187,0,3,3
1188,0,2,2
1189,0,1,1
1190,38,4,42
1191,42,0,42
1192,19,0,19
1193,99,31,130
1194,0,1,1
1195,0,5,5
1196,19,9,28
1197,0,3,3
1198,0,4,4
1199,62,2,64
1200,42,107,149
1201,90,35,125
1202,0,66,66
1203,39,22,61
1204,0,61,61
1205,0,1,1
1206,0,1,1
1207,0,26,26
1208,0,1,1
1209,0,1,1
1210,0,218,218
1211,188,79,267
1212,0,4,4
1213,0,1,1
1214,0,2,2
1215,0,65,65
1216,0,1,1
1218,33,0,33
1219,0,1,1
1220,13,0,13
1221,13,77,90
1222,45,0,45
1223,0,1,1
1224,0,1,1
1225,0,1,1
1226,0,1,1
1227,0,1,1
1228,0,11,11
1229,0,1,1
1230,47,33,80
1231,0,1,1
1232,5,1,6
1233,0,14,14
1234,64,16,80
1235,0,20,20
1236,34,103,137
1237,0,6,6
1238,0,1,1
1239,65,1,66
1240,8,0,8
1241,27,35,62
1242,0,11,11
1243,36,5,41
1244,0,2,2
1245,0,10,10
1246,0,8,8
1247,50,77,127
1248,54,21,75
1250,43,0,43
1252,0,2,2
1253,57,51,108
1254,0,1,1
1255,0,1,1
1256,0,1,1
1257,0,1,1
1258,0,1,1
1259,21,45,66
1260,13,2,15
1261,69,8,77
1262,0,2,2
1264,0,1,1
1266,10,0,10
1267,90,61,151
1268,0,1,1
1269,0,1,1
1270,8,0,8
1271,0,2,2
1272,0,1,1
1273,0,1,1
1274,0,1,1
1275,0,1,1
1276,0,1,1
1277,25,0,25
1278,0,69,69
1279,64,124,188
1280,0,4,4
1281,0,10,10
1282,13,8,21
1284,56,20,76
1285,46,31,77
1286,48,65,113
1287,6,0,6
1290,0,16,16
1291,60,34,94
1292,0,7,7
1293,0,33,33
1294,0,1,1
1295,0,1,1
1296,31,9,40
1297,309,76,385
1298,0,1,1
1299,0,5,5
1300,1,0,1
1301,0,3,3
1302,0,1,1
1303,0,1,1
1304,0,1,1
1305,73,290,363
1306,0,20,20
1307,87,0,87
1308,0,4,4
1309,0,1,1
1310,64,2,66
1311,0,2,2
1312,0,1,1
1313,0,1,1
1314,0,1,1
1315,55,6,61
1316,0,7,7
1317,0,1,1
1318,0,2,2
1319,72,181,253
1320,0,6,6
1321,26,0,26
1322,59,12,71
1323,11,0,11
1324,0,1,1
1325,0,1,1
1326,16,6,22
1327,0,1,1
1328,0,2,2
1329,0,3,3
1330,46,0,46
1331,0,6,6
1332,0,1,1
1333,0,2,2
1334,0,1,1
1335,0,62,62
1336,0,8,8
1337,0,1,1
1338,0,3,3
1339,0,5,5
1340,0,3,3
1341,0,2,2
1342,0,4,4
1343,0,2,2
1344,0,2,2
1345,0,1,1
1346,0,3,3
1349,0,2,2
1350,0,117,117
1351,0,1,1
1352,67,121,188
1353,45,30,75
1354,0,8,8
1355,0,3,3
1356,0,20,20
1357,117,91,208
1358,0,18,18
1359,0,3,3
1360,53,22,75
1361,0,1,1
1362,0,4,4
1365,0,7,7
1366,0,1,1
1367,0,40,40
1368,0,33,33
1369,0,1,1
1370,0,1,1
1372,17,0,17
1373,0,4,4
1374,89,462,551
1375,29,4,33
1376,0,1,1
1377,39,33,72
1378,59,14,73
1379,0,1,1
1380,0,63,63
1381,0,52,52
1382,26,17,43
1383,0,4,4
1384,53,37,90
1385,128,35,163
1386,0,61,61
1387,0,1,1
1388,0,2,2
1389,28,0,28
1390,30,32,62
1391,0,1,1
1392,0,2,2
1393,51,4,55
1394,30,9,39
1395,0,199,199
1396,29,0,29
1397,0,1,1
1398,0,1,1
1399,0,1,1
1400,0,3,3
1401,0,3,3
1402,34,0,34
1403,67,3,70
1404,0,1,1
1405,0,1,1
1406,0,2,2
1407,45,3,48
1408,0,1,1
1409,0,1,1
1410,0,1,1
1411,38,1,39
1412,29,0,29
1413,70,0,70
1416,84,13,97
1418,28,0,28
1419,50,41,91
1420,26,12,38
1421,0,2,2
1422,0,1,1
1423,0,8,8
1424,0,52,52
1425,46,0,46
1426,0,1,1
1427,0,2,2
1428,88,183,271
1429,0,3,3
1430,0,2,2
1431,0,1,1
1432,6,1,7
1433,0,1,1
1434,0,2,2
1435,10,0,10
1436,0,1,1
1437,47,0,47
1438,0,1,1
1439,35,9,44
1440,0,1,1
1441,21,41,62
1442,24,20,44
1443,0,3,3
1444,26,2,28
1445,0,1,1
1446,17,3,20
1447,0,7,7
1448,0,1,1
1449,0,1,1
1450,0,1,1
1451,0,3,3
1452,0,1,1
1453,116,0,116
1454,0,1,1
1455,0,1,1
1456,0,1,1
1457,0,5,5
1458,0,1,1
1459,0,1,1
1460,0,1,1
1461,0,1,1
1462,0,48,48
1463,0,26,26
1464,60,0,60
1465,19,8,27
1466,0,24,24
1467,0,11,11
1468,33,20,53
1469,0,7,7
1470,0,156,156
1471,44,72,116
1472,4,1,5
1473,95,91,186
1474,0,2,2
1476,51,0,51
1478,13,0,13
1480,0,44,44
1481,0,1,1
1482,79,26,105
1483,0,52,52
1484,54,0,54
1485,19,0,19
1486,14,0,14
1487,42,117,159
1488,0,1,1
1489,47,64,111
1490,28,0,28
1492,93,157,250
1493,27,1,28
1494,0,1,1
1495,0,10,10
1496,74,210,284
1497,52,28,80
1498,52,6,58
1499,0,12,12
1500,0,48,48
1501,29,38,67
1502,0,2,2
1503,0,3,3
1504,0,6,6
1505,0,4,4
1506,33,41,74
1507,12,2,14
1509,0,1,1
1510,2,16,18
1511,0,1,1
1512,0,1,1
1513,28,0,28
1514,101,0,101
1515,0,1,1
1516,0,1,1
1517,0,1,1
1518,28,0,28
1519,0,1,1
1520,34,3,37
1521,67,99,166
1522,0,139,139
1523,0,1,1
1524,23,4,27
1525,52,35,87
1526,0,4,4
1527,0,1,1
1528,0,1,1
1529,0,2,2
1530,0,11,11
1531,19,0,19
1532,11,0,11
1533,9,0,9
1534,47,2,49
1535,0,2,2
1536,0,1,1
1537,20,68,88
1538,58,81,139
1539,0,5,5
1540,0,1,1
1541,0,1,1
1542,39,244,283
1543,0,1,1
1545,0,1,1
1546,0,1,1
1547,40,28,68
1548,48,4,52
1549,245,587,832
1550,20,42,62
1551,0,1,1
1552,0,81,81
1553,0,20,20
1554,0,6,6
1555,45,79,124
1556,29,0,29
1557,12,0,12
1558,0,1,1
1559,0,1,1
1560,0,3,3
1561,0,1,1
1563,24,0,24
1564,53,27,80
1565,32,8,40
1566,50,46,96
1568,0,1,1
1569,31,3,34
1570,0,4,4
1571,62,24,86
1572,0,2,2
1573,57,0,57
1574,0,1,1
1575,0,1,1
1576,0,1,1
1578,0,1,1
1579,0,1,1
1580,42,0,42
1581,2,1,3
1582,0,13,13
1583,25,87,112
1584,0,1,1
1585,101,102,203
1587,27,5,32
1588,0,1,1
1589,0,13,13
1590,0,1,1
1591,0,1,1
1592,38,30,68
1593,52,0,52
1594,0,114,114
1595,24,0,24
1596,43,29,72
1597,33,0,33
1599,0,3,3
1600,18,0,18
1601,0,4,4
1602,0,1,1
1603,51,16,67
1604,22,4,26
1605,0,10,10
1606,0,3,3
1607,0,2,2
1608,73,355,428
1609,0,1,1
1610,24,12,36
1611,0,1,1
1612,11,68,79
1613,25,15,40
1614,0,73,73
1615,0,162,162
1616,0,1,1
1617,0,1,1
1618,28,0,28
1619,19,4,23
1620,0,1,1
1621,59,80,139
1622,85,50,135
1623,0,39,39
1625,0,2,2
1626,0,2,2
1627,0,1,1
1628,33,12,45
1629,18,0,18
1630,0,2,2
1631,0,6,6
1632,0,3,3
1633,195,0,195
1634,0,1,1
1635,0,1,1
1636,9,1,10
1637,48,1,49
1638,41,3,44
1639,0,36,36
1641,39,2,41
1642,0,1,1
1643,0,1,1
1644,0,48,48
1645,0,2,2
1646,56,5,61
1647,0,19,19
1648,70,0,70
1649,24,0,24
1650,0,1,1
1651,0,1,1
1652,29,0,29
1653,43,2,45
1654,38,0,38
1655,0,1,1
1656,0,1,1
1657,8,0,8
1658,38,9,47
1659,0,1,1
1660,0,1,1
1661,52,66,118
1662,33,6,39
1663,0,1,1
1664,2,3,5
1665,0,1,1
1666,0,1,1
1667,0,55,55
1668,0,5,5
1669,22,0,22
1670,0,18,18
1671,0,1,1
1672,27,0,27
1674,0,8,8
1675,0,2,2
1676,0,1,1
1677,0,2,2
1678,16,3,19
1679,81,0,81
1680,86,4,90
1681,0,2,2
1682,0,1,1
1683,0,2,2
1684,0,9,9
1685,0,1,1
1686,0,1,1
1687,11,6,17
1688,94,25,119
1689,15,2,17
1690,0,2,2
1691,0,50,50
1692,18,3,21
1693,0,6,6
1694,0,1,1
1695,0,1,1
1696,0,4,4
1697,48,70,118
1698,0,1,1
1699,0,1,1
1700,80,93,173
1701,47,112,159
1703,0,1,1
1704,0,1,1
1705,57,47,104
1706,66,4,70
1707,27,34,61
1708,0,1,1
1709,0,6,6
1710,0,1,1
1711,0,9,9
1712,0,1,1
1713,0,1,1
1714,30,5,35
1715,0,1,1
1716,10,6,16
1717,117,96,213
1718,63,0,63
1719,0,10,10
1720,0,14,14
1721,0,1,1
1722,0,14,14
1723,76,1,77
1724,0,1,1
1725,0,1,1
1726,60,0,60
1728,0,1,1
1729,70,19,89
1730,32,45,77
1731,0,1,1
1732,22,18,40
1733,39,42,81
1734,101,55,156
1735,0,1,1
1736,0,1,1
1737,0,9,9
1738,0,3,3
1739,0,1,1
1740,0,1,1
1741,0,9,9
1742,0,6,6
1743,0,1,1
1744,74,8,82
1745,0,1,1
1746,28,7,35
1747,24,3,27
1748,0,76,76
1749,29,68,97
1751,0,35,35
1752,31,0,31
1753,0,1,1
1754,122,23,145
1755,0,1,1
1756,0,89,89
1757,34,16,50
1758,49,2,51
1759,0,5,5
1760,0,1,1
1761,0,2,2
1762,0,47,47
1763,0,1,1
1764,0,2,2
1765,0,4,4
1766,0,27,27
1767,0,97,97
1768,29,0,29
1769,70,67,137
1770,11,1,12
1771,6,0,6
1772,71,141,212
1773,0,1,1
1774,61,0,61
1775,0,1,1
1777,57,1,58
1778,0,8,8
1780,35,0,35
1781,52,6,58
1782,0,2,2
1783,54,57,111
1784,0,1,1
1785,0,1,1
1787,55,0,55
1788,28,0,28
1789,0,11,11
1790,0,2,2
1791,29,0,29
1792,60,31,91
1793,18,0,18
1794,0,26,26
1795,0,44,44
1796,0,38,38
1797,0,1,1
1798,31,0,31
1799,80,48,128
1800,0,20,20
1802,34,0,34
1803,0,19,19
1804,0,1,1
1805,41,2,43
1806,0,1,1
1807,0,8,8
1808,82,129,211
1809,0,2,2
1810,0,1,1
1811,46,43,89
1812,0,4,4
1813,0,41,41
1814,79,105,184
1816,56,10,66
1819,8,0,8
1820,0,90,90
1821,0,7,7
1822,0,11,11
1823,34,49,83
1825,0,1,1
1826,0,1,1
1827,0,2,2
1828,0,2,2
1829,0,2,2
1830,0,3,3
1831,0,3,3
1832,0,6,6
1833,9,6,15
1834,0,1,1
1835,64,73,137
1836,80,16,96
1837,23,28,51
1838,0,57,57
1839,0,1,1
1840,0,2,2
1841,0,1,1
1842,147,0,147
1844,0,1,1
1845,0,1,1
1846,0,1,1
1847,77,47,124
1848,33,16,49
1849,49,1,50
1852,0,1,1
1853,0,1,1
1855,105,12,117
1856,0,1,1
1857,25,8,33
1858,43,1,44
1859,61,3,64
1860,0,1,1
1861,25,0,25
1862,0,2,2
1863,0,1,1
1864,46,0,46
1865,17,6,23
1866,0,1,1
1867,0,2,2
1868,0,22,22
1869,0,3,3
1870,0,1,1
1871,0,1,1
1872,0,5,5
1873,0,1,1
1874,0,9,9
1875,0,33,33
1876,0,3,3
1879,0,13,13
1880,30,0,30
1881,0,1,1
1882,0,1,1
1883,0,1,1
1884,22,0,22
1885,0,44,44
1886,0,4,4
1887,0,2,2
1888,73,36,109
1889,0,1,1
1890,0,1,1
1891,0,36,36
1892,0,5,5
1893,93,0,93
1894,0,1,1
1895,0,1,1
1896,0,51,51
1897,0,1,1
1899,0,6,6
1900,0,1,1
1901,29,1,30
1902,0,1,1
1903,45,0,45
1905,0,1,1
1906,0,1,1
1907,0,1,1
1908,46,9,55
1909,0,1,1
1911,0,1,1
1912,0,3,3
1913,0,1,1
1914,0,2,2
1915,34,33,67
1916,0,1,1
1917,0,1,1
1918,74,20,94
1919,128,112,240
1920,23,0,23
1921,0,1,1
1922,0,204,204
1923,0,2,2
1924,0,5,5
1925,0,22,22
1926,0,1,1
1927,44,2,46
1928,0,7,7
1929,0,1,1
1930,0,1,1
1931,0,15,15
1932,0,1,1
1933,0,1,1
1934,0,1,1
1935,39,7,46
1937,0,13,13
1938,0,1,1
1939,0,1,1
1940,0,5,5
1941,0,1,1
1943,0,3,3
1944,0,2,2
1945,0,2,2
1946,0,4,4
1947,0,15,15
1948,0,14,14
1950,5,0,5
1951,0,29,29
1952,0,3,3
1953,39,0,39
1955,6,1,7
1956,144,0,144
1958,0,1,1
1959,0,1,1
1960,0,1,1
1961,18,5,23
1962,0,31,31
1963,38,0,38
1964,55,13,68
1965,38,9,47
1966,91,18,109
1967,0,31,31
1968,0,2,2
1969,51,0,51
1970,1,0,1
1971,1,0,1
1972,47,181,228
1973,49,0,49
1975,0,1,1
1976,0,6,6
1977,48,34,82
1978,0,1,1
1979,30,2,32
1980,0,47,47
1981,0,2,2
1982,136,29,165
1983,17,0,17
1984,41,7,48
1985,21,56,77
1986,0,17,17
1987,36,0,36
1988,0,1,1
1989,0,1,1
1990,88,36,124
1991,25,66,91
1992,83,16,99
1993,0,3,3
1994,0,1,1
1995,0,3,3
1996,0,1,1
1997,55,88,143
2000,0,1,1
2001,62,39,101
2002,0,1,1
2003,0,63,63
2004,32,0,32
2005,0,1,1
2007,12,0,12
2008,0,1,1
2009,0,63,63
2010,0,27,27
2011,0,3,3
2012,0,3,3
2013,0,1,1
2014,50,10,60
2015,0,1,1
2016,63,13,76
2017,0,1,1
2018,0,2,2
2019,0,1,1
2020,0,1,1
2021,0,1,1
2023,0,1,1
2024,0,1,1
2025,0,1,1
2026,0,1,1
2027,0,1,1
2028,0,1,1
2029,0,2,2
2030,0,1,1
2031,0,1,1
2032,0,1,1
2033,0,22,22
2034,0,1,1
2035,0,1,1
2036,0,2,2
2037,0,8,8
2038,0,5,5
2040,0,1,1
2041,0,6,6
2042,0,2,2
2044,0,2,2
2045,0,1,1
2047,0,1,1
2049,0,3,3
2050,0,4,4
2051,0,1,1
2052,0,14,14
2053,40,1,41
2054,0,3,3
2055,14,0,14
2056,0,1,1
2057,0,1,1
2058,0,1,1
2059,0,4,4
2060,21,0,21
2061,0,4,4
2062,68,121,189
2063,0,21,21
2064,0,2,2
2065,0,50,50
2066,254,0,254
2067,0,3,3
2068,0,4,4
2069,13,17,30
2070,0,1,1
2071,60,7,67
2072,23,121,144
2073,49,0,49
2076,30,0,30
2077,0,1,1
2079,30,0,30
2081,0,1,1
2082,0,1,1
2083,5,2,7
2084,0,10,10
2085,29,28,57
2086,0,1,1
2087,0,1,1
2088,0,6,6
2089,0,1,1
2090,0,1,1
2091,38,8,46
2092,3,7,10
2093,0,55,55
2094,0,1,1
2095,37,6,43
2096,0,2,2
2097,34,7,41
2099,0,22,22
2100,0,1,1
2101,18,0,18
2102,63,45,108
2103,0,2,2
2104,0,2,2
2105,0,11,11
2106,45,0,45
2108,0,4,4
2109,22,47,69
2110,0,3,3
2111,0,4,4
2112,7,1,8
2113,0,7,7
2114,82,39,121
2115,0,16,16
2116,41,20,61
2117,105,23,128
2118,0,113,113
2119,22,5,27
2120,97,122,219
2121,11,1,12
2125,0,3,3
2126,0,1,1
2127,0,3,3
2128,65,3,68
2129,24,44,68
2130,0,8,8
2131,0,1,1
2132,0,1,1
2133,1,129,130
2134,81,14,95
2135,79,146,225
2136,0,1,1
2137,26,0,26
2138,0,1,1
2139,0,3,3
2141,0,2,2
2142,0,2,2
2143,0,1,1
2144,111,23,134
2145,135,145,280
2146,0,1,1
2147,0,1,1
2148,0,1,1
2149,0,2,2
2150,0,1,1
2151,66,0,66
2152,0,4,4
2153,0,4,4
2155,0,1,1
2156,0,41,41
2157,56,0,56
2159,0,18,18
2160,93,26,119
2161,0,3,3
2163,10,2,12
2164,0,1,1
2165,32,0,32
2167,0,1,1
2168,22,3,25
2169,0,32,32
2170,0,2,2
2171,0,16,16
2172,0,29,29
2173,0,1,1
2174,89,65,154
2175,0,1,1
2176,0,17,17
2177,0,3,3
2178,23,3,26
2179,0,1,1
2180,0,1,1
2181,28,2,30
2182,28,1,29
2183,0,1,1
2184,0,3,3
2185,10,0,10
2186,0,61,61
2187,0,1,1
2188,0,3,3
2189,0,1,1
2190,0,1,1
2191,0,1,1
2192,0,5,5
2193,58,12,70
2194,0,3,3
2195,20,0,20
2196,0,3,3
2197,0,4,4
2198,0,3,3
2199,0,1,1
2200,0,2,2
2201,0,1,1
2202,18,0,18
2203,0,1,1
2204,0,1,1
2205,20,0,20
2206,17,14,31
2209,71,31,102
2210,133,17,150
2211,34,0,34
2212,0,1,1
2213,0,1,1
2214,0,3,3
2215,0,15,15
2216,0,1,1
2217,0,11,11
2218,0,1,1
2219,0,1,1
2221,0,1,1
2222,0,1,1
2223,29,15,44
2224,0,3,3
2225,109,34,143
2226,0,28,28
2227,0,4,4
2228,0,1,1
2229,5,143,148
2230,0,49,49
2231,63,66,129
2232,0,12,12
2233,4,36,40
2234,14,14,28
2235,0,1,1
2236,0,75,75
2237,181,241,422
2238,0,1,1
2239,0,1,1
2240,105,108,213
2241,40,14,54
2242,11,3,14
2243,0,1,1
2244,3,0,3
2246,40,8,48
2247,7,0,7
2249,0,38,38
2250,0,3,3
2251,87,25,112
2252,90,22,112
2253,22,0,22
2254,0,6,6
2255,0,31,31
2256,107,247,354
2257,72,49,121
2258,50,95,145
2259,0,1,1
2260,0,1,1
2261,0,1,1
2262,0,1,1
2264,67,58,125
2265,0,1,1
2266,0,1,1
2267,0,1,1
2268,0,1,1
2269,0,2,2
2270,0,1,1
2272,0,31,31
2273,47,0,47
2274,0,48,48
2276,90,32,122
2277,18,8,26
2278,0,4,4
2280,0,1,1
2281,13,2,15
2282,0,5,5
2283,0,1,1
2285,79,17,96
2286,0,6,6
2287,0,4,4
2288,0,1,1
2289,63,14,77
2290,75,120,195
2291,0,1,1
2292,0,1,1
2293,0,2,2
2294,26,9,35
2295,0,2,2
2296,0,2,2
2297,107,164,271
2298,0,48,48
2299,0,67,67
2300,0,1,1
2301,0,1,1
2302,0,1,1
2304,0,1,1
2305,1,0,1
2306,0,4,4
2307,34,7,41
2308,0,1,1
2309,0,3,3
2310,0,1,1
2311,0,1,1
2312,0,1,1
2313,0,1,1
2314,0,3,3
2315,0,1,1
2316,0,3,3
2317,0,2,2
2318,0,2,2
2319,0,3,3
2320,0,2,2
2321,0,3,3
2322,82,19,101
2323,130,111,241
2324,86,3,89
2325,66,2,68
2326,49,252,301
2328,266,215,481
2329,38,0,38
2330,0,2,2
2331,0,2,2
2332,24,36,60
2333,32,0,32
2334,0,1,1
2335,0,1,1
2336,0,1,1
2337,0,1,1
2338,56,6,62
2339,34,0,34
2340,23,4,27
2341,43,0,43
2342,5,5,10
2343,0,7,7
2344,0,1,1
2345,34,0,34
2346,0,4,4
2348,25,0,25
2349,0,2,2
2350,22,0,22
2351,0,1,1
2352,0,2,2
2353,0,1,1
2354,118,1,119
2355,0,1,1
2356,57,57,114
2357,0,12,12
2359,0,2,2
2360,0,3,3
2361,0,1,1
2362,7,0,7
2363,0,4,4
2364,79,14,93
2365,1,77,78
2366,14,7,21
2367,0,8,8
2368,0,17,17
2369,51,189,240
2370,0,2,2
2371,84,124,208
2372,0,7,7
2373,0,2,2
2374,0,1,1
2375,64,49,113
2376,3,26,29
2378,7,4,11
2379,0,45,45
2380,0,1,1
2381,100,71,171
2382,0,1,1
2384,49,72,121
2385,45,0,45
2386,17,0,17
2387,0,66,66
2388,0,1,1
2389,0,1,1
2390,0,2,2
2391,0,1,1
2392,0,1,1
2393,0,4,4
2394,0,1,1
2395,0,1,1
2396,0,1,1
2397,69,0,69
2398,340,62,402
2399,0,2,2
2400,61,0,61
2401,0,1,1
2402,0,2,2
2403,0,2,2
2404,0,1,1
2405,0,1,1
2406,0,2,2
2407,0,4,4
2409,16,0,16
2410,50,34,84
2411,140,141,281
2412,0,3,3
2413,0,2,2
2414,0,6,6
2415,0,4,4
2416,53,37,90
2417,0,7,7
2418,0,1,1
2419,0,1,1
2420,2,0,2
2422,2,0,2
2423,3,0,3
2424,0,1,1
2425,9,0,9
2426,22,0,22
2427,0,11,11
2428,0,1,1
2429,0,2,2
2433,79,2,81
2434,0,2,2
2435,32,35,67
2437,0,2,2
2438,0,1,1
2439,0,1,1
2440,75,50,125
2441,0,1,1
2442,0,1,1
2443,0,1,1
2444,0,6,6
2445,0,1,1
2446,0,1,1
2447,0,1,1
2448,0,1,1
2449,0,1,1
2450,0,1,1
2451,0,2,2
2452,0,42,42
2453,0,1,1
2454,0,1,1
2455,0,1,1
2456,79,31,110
2457,0,1,1
2458,0,6,6
2459,0,1,1
2460,0,1,1
2461,0,1,1
2462,0,4,4
2463,0,1,1
2464,0,1,1
2465,0,1,1
2466,0,1,1
2467,0,4,4
2469,0,3,3
2470,149,0,149
2471,0,1,1
2472,0,75,75
2473,0,103,103
2474,81,142,223
2475,36,2,38
2476,0,35,35
2477,0,1,1
2478,0,6,6
2479,26,0,26
2480,0,7,7
2481,0,8,8
2482,0,3,3
2484,14,0,14
2485,160,324,484
2487,0,1,1
2488,0,21,21
2489,0,1,1
2490,54,0,54
2491,0,1,1
2492,0,1,1
2493,0,6,6
2494,0,1,1
2495,0,1,1
2496,0,2,2
2497,0,38,38
2498,0,1,1
2499,31,0,31
2500,0,3,3
2501,26,0,26
2502,0,30,30
2503,0,2,2
2504,99,100,199
2505,0,1,1
2506,71,46,117
2507,33,69,102
2508,117,13,130
2509,0,11,11
2510,86,68,154
2511,47,8,55
2512,0,1,1
2513,0,1,1
2514,0,1,1
2515,0,1,1
2516,167,44,211
2517,83,5,88
2518,0,4,4
2519,0,1,1
2520,0,1,1
2521,0,1,1
2522,0,1,1
2523,0,5,5
2524,0,7,7
2526,0,1,1
2527,0,2,2
2528,0,1,1
2529,0,1,1
2530,0,1,1
2531,0,2,2
2534,0,1,1
2535,232,47,279
2536,0,1,1
2537,0,1,1
2538,0,1,1
2540,0,1,1
2541,0,37,37
2542,90,93,183
2543,0,1,1
2544,57,11,68
2545,0,7,7
2546,0,34,34
2547,52,105,157
2548,0,12,12
2549,0,70,70
2550,50,26,76
2551,0,2,2
2552,11,5,16
2555,0,12,12
2556,0,1,1
2557,0,77,77
2558,0,2,2
2559,0,82,82
2560,61,180,241
2561,0,2,2
2562,0,2,2
2563,0,2,2
2564,0,50,50
2565,274,893,1167
2566,0,32,32
2567,0,5,5
2568,0,4,4
2569,0,5,5
2570,40,1,41
2571,17,0,17
2572,0,7,7
2573,0,1,1
2574,0,2,2
2575,21,0,21
2576,192,146,338
2577,0,2,2
2578,0,12,12
2579,59,0,59
2580,35,0,35
2581,0,1,1
2582,0,1,1
2583,0,2,2
2584,0,1,1
2585,116,60,176
2586,0,2,2
2587,50,12,62
2589,23,0,23
2591,14,0,14
2592,60,13,73
2593,118,32,150
2594,127,45,172
2595,65,49,114
2596,0,13,13
2597,48,2,50
2598,0,7,7
2599,37,9,46
2603,0,1,1
2604,28,0,28
2605,50,64,114
2606,0,1,1
2607,13,1,14
2608,0,14,14
2609,0,7,7
2610,0,1,1
2611,0,7,7
2612,50,29,79
2613,0,25,25
2614,0,5,5
2615,0,2,2
2616,0,1,1
2617,42,22,64
2618,36,53,89
2619,110,46,156
2620,74,24,98
2621,0,8,8
2623,54,108,162
2624,0,1,1
2625,331,0,331
2626,0,3,3
2627,0,1,1
2628,0,1,1
2629,14,0,14
2630,0,2,2
2631,0,1,1
2632,0,1,1
2633,0,1,1
2634,0,1,1
2635,0,1,1
2636,0,1,1
2637,0,1,1
2638,13,1,14
2639,0,1,1
2640,0,1,1
2641,0,1,1
2642,0,1,1
2643,100,0,100
2644,0,1,1
2645,4,7,11
2646,72,39,111
2647,11,18,29
2648,0,1,1
2649,0,1,1
2650,14,0,14
2651,162,269,431
2652,17,0,17
2653,162,113,275
2654,213,104,317
2655,63,49,112
2656,0,1,1
2657,165,44,209
2658,77,307,384
2659,0,12,12
2660,128,164,292
2661,0,1,1
2662,56,2,58
2663,0,2,2
2664,0,1,1
2665,52,6,58
2667,73,126,199
2668,0,1,1
2669,42,0,42
2670,13,0,13
2671,0,1,1
2672,3,13,16
2673,0,1,1
2674,67,103,170
2675,0,1,1
2676,0,7,7
2677,0,40,40
2678,1,0,1
2679,1,0,1
2680,0,6,6
2682,0,1,1
2683,0,13,13
2684,0,1,1
2685,71,0,71
2686,63,156,219
2687,37,13,50
2688,0,618,618
2689,47,38,85
2690,0,26,26
2691,0,44,44
2692,0,19,19
2693,101,149,250
2694,0,18,18
2695,0,7,7
2696,72,64,136
2697,81,45,126
2698,0,15,15
2699,0,74,74
2700,58,168,226
2701,0,19,19
2702,0,80,80
2703,0,61,61
2704,0,75,75
2705,0,1,1
2706,0,18,18
2707,70,103,173
2708,58,9,67
2709,0,1,1
2711,0,13,13
2713,54,200,254
2715,0,2,2
2716,0,1,1
2717,0,1,1
2718,0,1,1
2719,0,21,21
2720,25,0,25
2721,34,2,36
2722,0,1,1
2723,0,1,1
2724,42,10,52
2725,0,1,1
2727,93,33,126
2728,0,3,3
2729,0,1,1
2730,0,2,2
2731,0,1,1
2733,0,3,3
2734,0,1,1
2736,15,1,16
2737,0,16,16
2738,0,3,3
2739,0,1,1
2740,0,28,28
2741,0,1,1
2744,0,39,39
2746,101,25,126
2747,77,79,156
2748,0,1,1
2749,0,1,1
2751,12,0,12
2752,0,7,7
2753,0,1,1
2754,72,0,72
2755,0,1,1
2757,0,5,5
2758,0,2,2
2759,0,1,1
2760,53,23,76
2761,0,1,1
2762,0,3,3
2763,62,0,62
2764,49,1,50
2765,37,29,66
2766,0,1,1
2767,0,1,1
2768,29,40,69
2769,0,1,1
2770,25,1,26
2771,0,1,1
2772,0,1,1
2773,0,1,1
2774,107,46,153
2775,151,35,186
2776,0,1,1
2777,40,0,40
2778,0,22,22
2779,0,1,1
2780,0,3,3
2781,22,0,22
2782,0,1,1
2783,0,1,1
2784,0,1,1
2785,95,1,96
2786,0,1,1
2787,59,4,63
2788,0,4,4
2789,0,3,3
2790,127,173,300
2791,0,15,15
2792,0,18,18
2793,0,6,6
2794,80,0,80
2796,0,8,8
2797,20,0,20
2798,1,0,1
2799,43,8,51
2801,51,0,51
2802,0,9,9
2803,0,1,1
2804,0,16,16
2805,56,0,56
2807,0,5,5
2808,0,2,2
2809,53,0,53
2811,58,19,77
2813,0,1,1
2814,48,0,48
2815,44,11,55
2817,0,2,2
2818,11,1,12
2819,64,18,82
2821,13,0,13
2822,81,43,124
2823,0,1,1
2824,0,1,1
2825,21,0,21
2826,0,1,1
2827,0,1,1
2828,58,0,58
2830,71,6,77
2831,78,39,117
2832,0,50,50
2833,0,7,7
2834,57,5,62
2835,0,1,1
2838,29,21,50
2839,0,5,5
2840,0,14,14
2841,0,1,1
2842,0,124,124
2843,11,0,11
2844,9,2,11
2845,0,3,3
2846,0,1,1
2847,0,1,1
2848,0,1,1
2849,0,1,1
2850,0,1,1
2851,92,44,136
2852,0,2,2
2853,0,1,1
2855,0,16,16
2856,71,5,76
2857,0,1,1
2858,0,3,3
2859,94,139,233
2860,0,5,5
2861,0,1,1
2862,0,4,4
2863,0,5,5
2864,0,1,1
2865,0,2,2
2866,0,6,6
2867,0,3,3
2868,0,1,1
2869,0,1,1
2870,0,1,1
2871,162,282,444
2872,0,87,87
2875,0,6,6
2876,0,1,1
2877,82,0,82
2879,0,1,1
2880,46,2,48
2881,0,1,1
2882,0,1,1
2883,0,28,28
2884,0,1,1
2885,0,5,5
2886,0,3,3
2887,0,1,1
2888,0,1,1
2889,0,14,14
2890,0,1,1
2891,0,1,1
2892,0,1,1
2893,0,1,1
2894,0,1,1
2895,0,1,1
2896,0,1,1
2898,0,2,2
2899,0,1,1
2900,116,29,145
2901,0,4,4
2902,27,0,27
2903,0,8,8
2904,0,18,18
2905,0,4,4
2906,0,6,6
2907,0,6,6
2908,0,12,12
2909,65,57,122
2910,5,0,5
2912,57,33,90
2913,0,11,11
2914,20,4,24
2916,0,1,1
2917,30,2,32
2918,41,3,44
2919,0,2,2
2921,0,1,1
2922,47,0,47
2923,81,35,116
2924,0,2,2
2925,35,19,54
2926,24,0,24
2928,15,1,16
2929,0,1,1
2930,0,1,1
2931,0,2,2
2932,59,62,121
2933,0,6,6
2935,0,36,36
2936,0,8,8
2938,0,1,1
2939,0,7,7
2940,63,123,186
2941,0,11,11
2944,0,1,1
2945,0,1,1
2946,30,0,30
2947,0,10,10
2948,0,26,26
2949,0,1,1
2950,0,13,13
2951,49,19,68
2952,0,1,1
2953,0,10,10
2954,0,1,1
2955,65,0,65
2956,2,0,2
2957,0,1,1
2958,129,47,176
2960,0,1,1
2961,0,1,1
2962,0,1,1
2963,73,0,73
2964,0,70,70
2965,0,2,2
2966,38,0,38
2967,0,238,238
2968,53,55,108
2969,0,3,3
2970,0,1,1
2971,0,1,1
2972,46,357,403
2973,72,0,72
2974,24,15,39
2975,0,2,2
2976,0,7,7
2977,31,0,31
2978,0,6,6
2979,24,0,24
2980,0,1,1
2981,65,44,109
2982,0,1,1
2983,0,28,28
2985,0,4,4
2986,0,3,3
2987,0,9,9
2988,0,55,55
2989,0,10,10
2990,5,0,5
2991,24,7,31
2992,0,1,1
2993,35,1,36
2994,0,3,3
2995,0,10,10
2996,25,0,25
2998,0,3,3
2999,54,7,61
3000,26,43,69
3001,0,7,7
3002,72,5,77
3003,0,1,1
3004,0,3,3
3005,133,28,161
3006,0,31,31
3007,82,15,97
3008,0,1,1
3009,54,51,105
3010,46,123,169
3011,0,1,1
3012,0,1,1
3013,0,1,1
3014,97,0,97
3015,50,44,94
3016,0,2,2
3017,0,3,3
3018,61,19,80
3019,0,1,1
3020,60,52,112
3021,53,7,60
3022,0,1,1
3023,3,0,3
3024,104,52,156
3025,0,4,4
3026,113,175,288
3027,90,39,129
3028,85,189,274
3029,61,2,63
3030,74,0,74
3031,0,50,50
3032,0,216,216
3033,75,45,120
3034,130,38,168
3035,0,13,13
3036,1,7,8
3037,0,7,7
3038,0,1,1
3039,0,14,14
3040,0,7,7
3041,0,14,14
3042,0,1,1
3043,0,1,1
3044,0,6,6
3046,0,10,10
3047,0,12,12
3048,0,1,1
3049,0,6,6
3050,33,0,33
3051,0,1,1
3052,0,1,1
3053,0,9,9
3054,0,1,1
3055,0,52,52
3056,39,44,83
3057,0,48,48
3059,83,32,115
3060,0,4,4
3061,0,2,2
3062,0,42,42
3063,0,3,3
3066,0,1,1
3068,21,0,21
3070,0,2,2
3071,0,1,1
3072,0,25,25
3073,37,34,71
3074,0,1,1
3075,0,2,2
3076,0,1,1
3077,0,4,4
3078,0,1,1
3080,9,0,9
3081,0,20,20
3082,8,0,8
3083,0,2,2
3084,153,62,215
3085,0,1,1
3086,0,8,8
3087,0,8,8
3088,0,37,37
3089,244,4,248
3090,0,12,12
3091,0,1,1
3092,61,81,142
3093,0,1,1
3094,0,5,5
3095,0,37,37
3096,0,3,3
3097,0,1,1
3098,0,37,37
3099,49,0,49
3101,0,2,2
3102,0,1,1
3103,67,5,72
3104,22,0,22
3105,1,0,1
3106,57,5,62
3107,0,10,10
3108,0,8,8
3109,3,9,12
3110,0,21,21
3111,0,1,1
3112,0,1,1
3113,0,1,1
3114,44,1,45
3115,0,5,5
3117,186,0,186
3118,0,2,2
3119,0,3,3
3120,0,8,8
3123,0,3,3
3124,0,2,2
3125,75,16,91
3126,27,1,28
3127,0,15,15
3128,0,1,1
3129,0,2,2
3130,66,0,66
3131,0,1,1
3132,0,3,3
3133,0,1,1
3134,0,1,1
3135,0,1,1
3136,83,0,83
3137,0,4,4
3138,3,0,3
3140,89,2,91
3142,0,49,49
3143,0,1,1
3144,72,88,160
3145,27,18,45
3146,0,1,1
3147,0,6,6
3148,64,26,90
3149,0,1,1
3150,49,10,59
3151,0,1,1
3152,0,1,1
3153,0,1,1
3154,0,1,1
3155,15,0,15
3156,0,1,1
3158,0,1,1
3159,0,9,9
3160,0,2,2
3162,0,3,3
3163,0,1,1
3164,56,0,56
3165,0,1,1
3166,0,1,1
3167,0,1,1
3168,0,79,79
3169,0,1,1
3171,8,1,9
3172,0,13,13
3173,60,7,67
3174,0,1,1
3175,0,41,41
3176,0,6,6
3180,55,24,79
3181,0,3,3
3182,0,1,1
3183,0,2,2
3184,0,1,1
3185,0,2,2
3186,0,1,1
3187,0,1,1
3188,0,20,20
3189,0,10,10
3190,0,10,10
3191,48,68,116
3192,146,56,202
3193,13,0,13
3194,0,1,1
3195,1,0,1
3196,0,22,22
3197,0,4,4
3198,0,1,1
3199,0,13,13
3200,35,8,43
3201,4,0,4
3202,0,8,8
3203,0,1,1
3204,0,1,1
3205,1,0,1
3206,0,1,1
3207,0,1,1
3208,0,6,6
3209,0,41,41
3210,0,3,3
3211,0,2,2
3212,0,1,1
3213,0,1,1
3214,0,1,1
3215,0,1,1
3216,0,2,2
3217,0,1,1
3218,0,1,1
3219,0,1,1
3220,0,1,1
3221,0,1,1
3222,0,1,1
3223,0,1,1
3224,0,1,1
3225,0,13,13
3226,0,1,1
3227,0,19,19
3228,0,1,1
3229,0,1,1
3230,0,1,1
3231,0,1,1
3232,0,1,1
3233,0,3,3
3234,0,1,1
3235,23,1,24
3237,3,0,3
3238,145,28,173
3239,0,3,3
3240,0,1,1
3241,0,1,1
3242,0,6,6
3243,39,0,39
3244,0,1,1
3245,1,0,1
3246,0,2,2
3247,0,2,2
3248,0,1,1
3249,0,3,3
3250,0,3,3
3251,62,0,62
3252,0,37,37
3253,110,0,110
3255,8,3,11
3256,5,19,24
3257,0,1,1
3258,76,95,171
3259,0,2,2
3260,99,8,107
3261,0,1,1
3262,0,9,9
3263,0,1,1
3264,0,1,1
3265,92,0,92
3266,4,0,4
3267,0,1,1
3268,0,2,2
3269,0,3,3
3270,0,2,2
3271,8,2,10
3272,0,2,2
3273,0,1,1
3274,59,69,128
3275,0,14,14
3276,134,79,213
3277,0,1,1
3278,0,2,2
3279,0,2,2
3280,0,3,3
3281,0,1,1
3282,0,5,5
3284,57,20,77
3285,9,1,10
3288,0,1,1
3290,0,36,36
3291,137,58,195
3292,0,8,8
3293,47,10,57
3294,0,1,1
3296,0,2,2
3297,39,51,90
3298,0,1,1
3299,0,1,1
3300,0,5,5
3301,12,15,27
3302,0,1,1
3303,0,1,1
3304,0,31,31
3305,0,5,5
3306,0,7,7
3307,81,0,81
3309,55,4,59
3310,39,18,57
3311,0,1,1
3312,0,1,1
3313,16,5,21
3314,0,1,1
3315,0,13,13
3316,0,3,3
3317,0,15,15
3318,0,1,1
3319,18,0,18
3320,37,5,42
3321,88,18,106
3322,0,1,1
3323,0,2,2
3324,28,0,28
3325,0,6,6
3326,0,18,18
3331,0,1,1
3332,0,1,1
3333,0,15,15
3334,217,13,230
3335,0,1,1
3338,55,3,58
3339,0,1,1
3340,0,4,4
3341,0,1,1
3342,0,1,1
3343,0,13,13
3344,0,1,1
3345,0,35,35
3346,65,5,70
3348,32,25,57
3349,0,9,9
3350,0,55,55
3351,64,0,64
3352,264,273,537
3353,0,1,1
3354,0,5,5
3355,0,3,3
3356,0,1,1
3357,0,2,2
3358,0,1,1
3359,0,1,1
3360,0,1,1
3361,0,2,2
3362,0,1,1
3363,1,0,1
3366,0,63,63
3367,0,3,3
3368,0,1,1
3369,0,1,1
3370,0,1,1
3371,64,0,64
3373,0,12,12
3374,0,4,4
3375,0,43,43
3376,33,0,33
3377,0,4,4
3378,0,41,41
3379,0,19,19
3380,0,42,42
3381,37,180,217
3382,0,1,1
3383,0,2,2
3384,0,3,3
3385,0,1,1
3386,0,12,12
3388,0,15,15
3389,0,2,2
3390,0,60,60
3391,0,4,4
3392,0,33,33
3393,65,10,75
3394,82,156,238
3395,0,1,1
3396,0,2,2
3397,0,3,3
3398,0,1,1
3399,0,3,3
3400,0,1,1
3401,0,1,1
3402,0,122,122
3403,0,3,3
3404,81,89,170
3405,0,1,1
3406,0,4,4
3407,0,1,1
3408,112,0,112
3409,9,1,10
3410,15,0,15
3411,0,1,1
3412,0,1,1
3416,0,1,1
3417,77,30,107
3418,0,1,1
3422,0,3,3
3423,0,1,1
3424,0,1,1
3425,0,2,2
3426,0,1,1
3427,0,1,1
3429,7,0,7
3433,47,9,56
3434,0,1,1
3435,45,4,49
3436,0,1,1
3437,0,1,1
3438,0,1,1
3439,100,88,188
3440,0,1,1
3441,0,2,2
3443,141,20,161
3444,0,2,2
3445,0,21,21
3446,17,0,17
3447,81,271,352
3448,0,3,3
3449,0,314,314
3450,0,27,27
3451,0,98,98
3452,74,131,205
3453,67,319,386
3454,94,148,242
3455,53,68,121
3456,223,241,464
3457,0,166,166
3458,47,69,116
3459,191,92,283
3460,80,22,102
3461,13,101,114
3462,0,54,54
3463,23,56,79
3464,40,0,40
3465,5,3,8
3466,0,17,17
3467,0,1,1
3468,0,3,3
3469,0,23,23
3470,0,21,21
3471,0,2,2
3472,0,15,15
3473,87,0,87
3475,0,1,1
3477,0,53,53
3478,0,42,42
3479,59,102,161
3480,90,18,108
3481,0,17,17
3482,0,24,24
3483,40,20,60
3486,14,0,14
3487,0,1,1
3488,0,16,16
3489,71,0,71
3490,0,2,2
3491,0,2,2
3492,0,3,3
3493,0,1,1
3494,0,1,1
3495,0,3,3
3496,0,10,10
3497,0,1,1
3498,83,114,197
3499,0,3,3
3500,0,1,1
3504,0,1,1
3506,31,0,31
3508,0,11,11
3509,0,1,1
3510,0,1,1
3511,0,1,1
3512,0,9,9
3513,0,4,4
3514,0,1,1
3515,0,3,3
3516,110,0,110
3518,0,6,6
3519,0,48,48
3520,38,1,39
3521,0,29,29
3522,0,71,71
3523,0,28,28
3524,0,1,1
3525,0,16,16
3526,0,6,6
3527,0,64,64
3528,0,13,13
3529,72,0,72
3530,0,3,3
3531,0,1,1
3532,0,5,5
3535,0,5,5
3536,0,6,6
3537,193,0,193
3538,21,2,23
3539,0,2,2
3540,0,4,4
3541,49,81,130
3542,0,5,5
3543,0,3,3
3544,0,7,7
3545,0,2,2
3547,15,0,15
3548,35,0,35
3549,11,0,11
3550,0,1,1
3551,0,1,1
3552,0,1,1
3553,0,8,8
3554,38,6,44
3555,13,14,27
3556,6,14,20
3557,77,10,87
3558,0,1,1
3560,0,16,16
3561,0,4,4
3562,136,40,176
3563,0,3,3
3564,0,2,2
3565,0,1,1
3566,0,1,1
3567,23,18,41
3568,134,147,281
3569,0,42,42
3571,0,45,45
3576,21,4,25
3577,0,1,1
3578,0,2,2
3579,0,2,2
3580,81,0,81
3581,0,1,1
3582,0,1,1
3583,0,4,4
3584,0,1,1
3585,0,2,2
3586,88,156,244
3587,83,15,98
3589,0,5,5
3590,0,1,1
3591,1,13,14
3592,1,0,1
3593,0,26,26
3594,0,2,2
3595,0,2,2
3596,0,1,1
3597,0,13,13
3598,0,4,4
3599,0,1,1
3600,0,12,12
3601,0,52,52
3602,0,1,1
3603,0,12,12
3604,0,2,2
3605,0,1,1
3606,0,1,1
3607,68,24,92
3609,18,0,18
3610,0,4,4
3611,0,22,22
3613,0,1,1
3614,50,205,255
3615,106,144,250
3616,11,0,11
3617,1,0,1
3618,0,1,1
3619,0,1,1
3620,0,1,1
3621,0,1,1
3622,0,22,22
3623,4,0,4
3624,0,64,64
3625,0,4,4
3628,0,1,1
3629,21,4,25
3630,0,32,32
3631,101,91,192
3632,0,1,1
3633,0,48,48
3634,105,82,187
3635,74,63,137
3636,0,11,11
3637,0,4,4
3638,0,1,1
3639,0,12,12
3640,0,1,1
3641,0,212,212
3642,0,362,362
3643,115,44,159
3645,90,40,130
3646,38,9,47
3647,0,13,13
3648,0,9,9
3649,0,1,1
3650,108,0,108
3651,0,1,1
3652,0,1,1
3653,0,2,2
3654,0,1,1
3655,0,9,9
3656,0,3,3
3657,0,1,1
3658,0,39,39
3659,0,38,38
3660,52,87,139
3661,53,36,89
3662,0,10,10
3663,0,1,1
3664,46,1,47
3665,0,20,20
3666,0,144,144
3667,0,6,6
3668,0,1,1
3669,4,0,4
3670,34,0,34
3671,6,0,6
3673,0,5,5
3674,0,2,2
3675,0,1,1
3676,0,1,1
3677,0,2,2
3678,0,17,17
3679,0,2,2
3680,82,0,82
3681,42,1,43
3682,0,75,75
3683,0,6,6
3684,0,1,1
3685,0,2,2
3686,0,3,3
3687,0,1,1
3688,0,4,4
3689,0,2,2
3690,0,1,1
3691,51,95,146
3692,0,8,8
3693,0,1,1
3694,0,1,1
3695,0,1,1
3696,0,1,1
3697,0,1,1
3698,0,1,1
3700,0,2,2
3701,2,0,2
3702,0,1,1
3703,0,1,1
3704,0,1,1
3705,0,3,3
3706,0,1,1
3707,0,1,1
3708,1,0,1
3709,0,7,7
3711,0,1,1
3712,0,1,1
3713,8,0,8
3714,0,15,15
3715,0,1,1
3717,39,1,40
3718,0,1,1
3719,0,14,14
3720,56,11,67
3722,0,2,2
3723,0,7,7
3724,48,93,141
3725,0,4,4
3726,48,3,51
3727,0,1,1
3728,0,85,85
3729,0,11,11
3730,0,1,1
3731,0,15,15
3733,0,1,1
3735,0,3,3
3737,7,0,7
3742,0,3,3
3743,0,10,10
3744,0,2,2
3745,13,0,13
3746,0,1,1
3747,0,4,4
3748,77,30,107
3749,0,4,4
3750,0,2,2
3751,0,11,11
3752,55,15,70
3753,0,1,1
3754,0,6,6
3755,121,0,121
3757,0,1,1
3758,0,1,1
3759,0,1,1
3760,0,1,1
3761,0,2,2
3762,0,8,8
3763,0,3,3
3764,0,10,10
3765,0,1,1
3766,0,9,9
3767,0,16,16
3769,40,0,40
3770,12,22,34
3771,0,3,3
3772,26,1,27
3774,0,1,1
3775,0,12,12
3776,17,0,17
3777,0,11,11
3779,0,2,2
3780,0,3,3
3781,0,1,1
3782,0,3,3
3783,0,1,1
3784,0,1,1
3785,16,18,34
3786,0,99,99
3787,45,232,277
3788,0,2,2
3791,0,1,1
3792,65,27,92
3794,0,46,46
3795,0,1,1
3796,132,113,245
3797,3,0,3
3798,0,23,23
3799,0,6,6
3800,65,3,68
3801,0,1,1
3802,0,8,8
3803,79,10,89
3804,37,5,42
3805,0,1,1
3806,38,45,83
3807,64,0,64
3808,11,0,11
3809,22,2,24
3810,0,1,1
3811,12,0,12
3812,97,53,150
3813,68,94,162
3814,0,47,47
3815,0,20,20
3816,18,0,18
3817,0,1,1
3819,0,10,10
3821,0,2,2
3822,15,0,15
3823,0,2,2
3824,0,1,1
3825,2,0,2
3827,0,2,2
3829,0,1,1
3830,57,20,77
3832,1,1,2
3833,0,3,3
3834,0,1,1
3835,49,35,84
3836,0,1,1
3837,0,1,1
3839,0,5,5
3840,0,1,1
3841,0,1,1
3842,35,15,50
3843,104,18,122
3844,0,1,1
3845,0,8,8
3847,51,0,51
3848,0,1,1
3849,13,0,13
3850,0,2,2
3851,0,2,2
3854,58,82,140
3855,0,6,6
3856,13,0,13
3858,0,1,1
3862,0,2,2
3863,0,5,5
3864,0,1,1
3865,0,2,2
3867,9,0,9
3869,0,5,5
3870,0,2,2
3871,55,5,60
3872,0,15,15
3873,77,4,81
3875,7,0,7
3876,0,3,3
3877,0,13,13
3878,0,1,1
3880,3,0,3
3881,0,2,2
3882,0,1,1
3883,0,1,1
3885,51,2,53
3886,0,1,1
3887,51,0,51
3888,7,1,8
3889,0,2,2
3890,0,3,3
3891,0,1,1
3892,94,0,94
3893,9,0,9
3894,0,1,1
3895,0,1,1
3896,0,1,1
3897,186,9,195
3898,69,2,71
3900,0,3,3
3901,0,1,1
3902,0,43,43
3903,72,0,72
3904,0,1,1
3905,0,2,2
3906,0,1,1
3907,0,1,1
3908,2,0,2
3909,0,1,1
3910,87,33,120
3911,7,2,9
3912,11,17,28
3914,13,0,13
3916,0,42,42
3917,0,29,29
3918,0,4,4
3919,42,15,57
3920,0,6,6
3921,7,0,7
3922,29,7,36
3923,0,1,1
3924,0,5,5
3925,0,7,7
3926,64,0,64
3927,0,1,1
3928,0,2,2
3929,0,2,2
3930,0,5,5
3931,0,1,1
3932,0,4,4
3933,15,0,15
3935,0,1,1
3936,0,1,1
3937,52,0,52
3939,6,0,6
3941,0,1,1
3942,12,0,12
3943,0,1,1
3944,0,1,1
3945,0,2,2
3946,61,0,61
3947,0,3,3
3948,0,26,26
3949,5,30,35
3952,0,1,1
3953,0,1,1
3954,0,2,2
3955,0,3,3
3956,51,85,136
3957,0,1,1
3958,97,15,112
3959,0,2,2
3960,0,23,23
3961,0,16,16
3962,99,4,103
3963,0,1,1
3964,0,1,1
3965,0,89,89
3966,0,1,1
3967,45,0,45
3968,0,1,1
3969,39,90,129
3970,71,0,71
3971,11,7,18
3973,18,33,51
3974,6,0,6
3976,148,145,293
3977,0,14,14
3978,0,2,2
3979,0,3,3
3980,13,2,15
3981,0,1,1
3982,0,20,20
3983,0,4,4
3984,0,2,2
3985,0,32,32
3986,0,1,1
3987,0,1,1
3989,0,2,2
3990,0,1,1
3991,0,7,7
3992,0,2,2
3995,0,57,57
3997,0,1,1
3998,0,2,2
3999,5,2,7
4000,0,4,4
4001,0,28,28
4005,0,1,1
4006,0,2,2
4007,0,15,15
4008,0,7,7
4009,8,2,10
4010,0,1,1
4011,103,0,103
4012,9,0,9
4013,59,21,80
4014,4,0,4
4015,0,2,2
4016,0,2,2
4019,0,2,2
4020,0,6,6
4021,78,0,78
4023,0,3,3
4024,38,2,40
4025,0,1,1
4026,0,2,2
4027,0,6,6
4028,0,1,1
4030,10,0,10
4031,17,0,17
4034,0,4,4
4035,0,1,1
4036,0,147,147
4037,457,15,472
4038,0,1,1
4039,0,9,9
4040,74,104,178
4041,82,68,150
4042,0,21,21
4043,60,0,60
4044,61,89,150
4045,0,257,257
4046,0,89,89
4047,10,0,10
4048,0,1,1
4049,11,0,11
4050,0,1,1
4051,32,1,33
4053,0,2,2
4055,78,3,81
4056,0,23,23
4057,0,1,1
4058,16,0,16
4059,0,4,4
4061,0,1,1
4062,0,4,4
4063,0,27,27
4064,0,1,1
4065,57,131,188
4066,0,5,5
4067,0,1,1
4068,6,6,12
4069,0,1,1
4070,0,111,111
4071,74,17,91
4072,46,29,75
4073,0,115,115
4074,0,33,33
4075,0,1,1
4076,0,86,86
4077,0,77,77
4078,8,2,10
4079,0,4,4
4080,0,1,1
4082,0,15,15
4083,0,1,1
4085,0,1,1
4086,2,0,2
4088,24,0,24
4089,0,3,3
4090,0,1,1
4091,0,1,1
4092,0,1,1
4093,0,1,1
4095,0,2,2
4096,0,1,1
4097,0,1,1
4098,56,8,64
4099,164,155,319
4100,0,1,1
4103,57,1,58
4104,0,3,3
4105,0,1,1
4106,0,1,1
4107,0,1,1
4108,0,1,1
4109,0,1,1
4110,102,4,106
4111,9,16,25
4116,0,12,12
4117,16,0,16
4119,0,6,6
4120,0,3,3
4121,0,2,2
4122,0,1,1
4123,0,25,25
4124,123,50,173
4125,0,2,2
4126,0,2,2
4127,28,41,69
4128,0,9,9
4129,0,2,2
4130,0,2,2
4131,0,1,1
4132,0,1,1
4133,0,2,2
4134,38,2,40
4135,0,2,2
4136,0,26,26
4137,0,7,7
4138,60,64,124
4139,0,1,1
4140,0,12,12
4141,0,5,5
4142,0,37,37
4143,0,1,1
4144,0,76,76
4145,0,2,2
4146,0,1,1
4147,0,2,2
4148,0,6,6
4149,0,2,2
4150,0,16,16
4151,0,84,84
4152,0,43,43
4153,0,1,1
4154,0,1,1
4155,0,5,5
4159,0,2,2
4162,73,16,89
4163,0,2,2
4164,0,3,3
4165,0,1,1
4166,0,1,1
4167,0,1,1
4168,1,0,1
4169,0,9,9
4170,0,1,1
4171,6,0,6
4173,28,0,28
4174,0,1,1
4175,54,8,62
4176,0,1,1
4177,0,1,1
4178,0,3,3
4179,100,0,100
4180,0,1,1
4181,28,0,28
4183,10,0,10
4184,0,1,1
4185,0,1,1
4186,0,6,6
4187,0,9,9
4188,5,0,5
4189,39,11,50
4190,0,2,2
4191,259,20,279
4192,0,7,7
4194,0,2,2
4195,0,1,1
4197,0,7,7
4198,0,1,1
4199,27,8,35
4200,0,5,5
4201,85,2,87
4202,0,1,1
4203,0,1,1
4204,0,2,2
4205,0,5,5
4206,0,1,1
4207,0,1,1
4208,0,2,2
4209,0,1,1
4210,0,1,1
4211,10,65,75
4212,56,53,109
4213,0,3,3
4214,0,9,9
4215,0,2,2
4216,14,1,15
4217,0,1,1
4218,22,0,22
4219,34,112,146
4220,13,3,16
4221,0,42,42
4222,0,41,41
4223,0,7,7
4224,0,17,17
4225,0,1,1
4228,0,3,3
4229,0,4,4
4231,17,1,18
4232,0,3,3
4233,57,2,59
4234,40,3,43
4235,8,0,8
4236,0,1,1
4237,2,0,2
4238,0,1,1
4240,0,1,1
4241,0,1,1
4242,0,1,1
4243,0,1,1
4244,0,1,1
4245,0,2,2
4246,0,1,1
4247,126,0,126
4248,0,1,1
4249,0,1,1
4250,0,2,2
4251,0,1,1
4252,0,5,5
4254,10,0,10
4255,0,9,9
4256,100,0,100
4257,0,2,2
4259,0,1,1
4260,0,1,1
4261,92,24,116
4263,65,1,66
4264,1,0,1
4265,3,0,3
4266,82,11,93
4267,0,1,1
4269,67,3,70
4272,5,0,5
4273,0,23,23
4274,0,1,1
4275,0,5,5
4276,40,52,92
4277,0,1,1
4278,0,1,1
4279,0,1,1
4280,0,1,1
4282,0,6,6
4283,0,1,1
4284,0,1,1
4285,0,2,2
4289,58,0,58
4290,67,2,69
4291,0,4,4
4292,0,4,4
4295,0,17,17
4296,0,1,1
4297,96,38,134
4298,43,9,52
4299,66,0,66
4303,3,0,3
4304,0,1,1
4305,0,1,1
4306,0,1,1
4307,0,3,3
4308,0,7,7
4310,131,278,409
4311,7,0,7
4312,0,5,5
4313,0,5,5
4314,0,4,4
4315,59,29,88
4316,0,8,8
4317,0,3,3
4318,0,3,3
4319,0,4,4
4320,0,2,2
4321,0,1,1
4322,0,1,1
4323,48,0,48
4324,0,8,8
4325,0,3,3
4326,0,7,7
4327,0,2,2
4328,0,1,1
4329,0,12,12
4331,18,2,20
4332,6,0,6
4333,0,2,2
4334,0,1,1
4335,228,32,260
4336,0,1,1
4337,0,1,1
4338,88,40,128
4340,0,1,1
4341,38,1,39
4342,0,10,10
4343,0,7,7
4344,0,3,3
4345,0,2,2
4346,0,1,1
4347,0,55,55
4348,0,1,1
4349,52,0,52
4351,16,4,20
4352,0,1,1
4353,0,80,80
4354,0,6,6
4355,18,50,68
4357,0,1,1
4358,0,1,1
4359,7,0,7
4360,0,1,1
4361,88,6,94
4362,0,1,1
4363,0,22,22
4364,0,39,39
4365,60,0,60
4366,0,2,2
4368,0,1,1
4369,0,2,2
4370,0,1,1
4371,0,6,6
4372,0,1,1
4373,55,0,55
4375,0,3,3
4377,0,11,11
4378,0,1,1
4379,0,5,5
4380,0,1,1
4381,0,1,1
4382,0,1,1
4383,0,4,4
4384,82,0,82
4385,20,0,20
4386,14,0,14
4389,1,0,1
4393,0,1,1
4394,0,1,1
4395,0,3,3
4396,0,1,1
4397,0,1,1
4398,0,9,9
4399,0,1,1
4400,115,5,120
4401,63,9,72
4402,49,0,49
4403,9,0,9
4404,0,1,1
4405,0,1,1
4406,0,1,1
4407,0,1,1
4408,0,1,1
4409,0,7,7
4411,8,0,8
4412,28,2,30
4413,1,0,1
4414,0,1,1
4415,0,17,17
4416,0,11,11
4417,41,0,41
4418,0,1,1
4422,44,15,59
4423,0,1,1
4424,73,0,73
4425,0,2,2
4426,0,5,5
4427,0,1,1
4428,0,12,12
4429,0,12,12
4430,0,6,6
4431,0,4,4
4432,48,8,56
4433,0,24,24
4434,0,2,2
4435,38,3,41
4436,0,2,2
4437,0,70,70
4438,0,6,6
4439,0,1,1
4440,0,6,6
4441,21,202,223
4442,0,18,18
4443,0,7,7
4444,0,1,1
4445,0,1,1
4446,0,2,2
4447,0,14,14
4448,99,36,135
4449,0,1,1
4450,0,1,1
4451,0,9,9
4452,0,1,1
4453,57,0,57
4454,0,1,1
4455,0,22,22
4456,0,4,4
4457,0,1,1
4458,0,2,2
4459,0,4,4
4460,0,2,2
4461,0,2,2
4462,0,1,1
4463,81,0,81
4464,0,1,1
4465,0,4,4
4466,24,0,24
4467,0,1,1
4468,29,18,47
4469,0,1,1
4470,0,1,1
4471,10,2,12
4473,0,1,1
4474,0,2,2
4475,0,1,1
4476,0,16,16
4477,0,2,2
4478,0,1,1
4479,0,1,1
4480,40,0,40
4481,2,0,2
4482,38,7,45
4483,77,153,230
4485,64,12,76
4486,0,20,20
4487,0,31,31
4488,37,50,87
4489,0,15,15
4490,0,1,1
4491,0,1,1
4492,0,2,2
4493,0,1,1
4494,0,1,1
4495,0,1,1
4496,0,3,3
4497,0,1,1
4498,0,1,1
4500,34,2,36
4502,0,2,2
4503,0,1,1
4504,0,2,2
4507,45,2,47
4508,0,1,1
4509,0,11,11
4510,76,0,76
4511,0,15,15
4516,0,1,1
4521,1,0,1
4523,0,1,1
4524,0,9,9
4526,0,5,5
4527,39,14,53
4528,57,0,57
4529,33,0,33
4530,81,9,90
4531,68,14,82
4532,0,8,8
4533,0,3,3
4534,54,19,73
4535,0,5,5
4536,173,81,254
4538,0,1,1
4539,1,0,1
4540,0,1,1
4541,1,0,1
4542,0,9,9
4543,0,2,2
4544,2,0,2
4545,0,1,1
4547,69,45,114
4550,3,100,103
4551,51,0,51
4552,12,0,12
4553,0,3,3
4554,0,1,1
4555,0,1,1
4556,0,1,1
4557,29,16,45
4558,13,1,14
4560,0,3,3
4561,3,0,3
4562,14,0,14
4563,0,11,11
4564,0,33,33
4565,0,2,2
4566,0,3,3
4567,0,2,2
4568,0,1,1
4569,0,1,1
4574,77,40,117
4575,0,2,2
4576,0,10,10
4577,0,2,2
4578,97,0,97
4580,1,0,1
4581,0,3,3
4582,0,5,5
4583,10,0,10
4584,10,0,10
4586,0,9,9
4587,97,27,124
4588,37,11,48
4591,0,2,2
4592,0,6,6
4593,0,1,1
4594,0,1,1
4595,0,3,3
4596,0,1,1
4597,0,1,1
4598,0,71,71
4599,0,1,1
4600,113,15,128
4601,0,1,1
4602,0,2,2
4603,0,1,1
4604,42,7,49
4605,12,0,12
4607,0,1,1
4608,0,1,1
4609,0,2,2
4611,0,1,1
4612,0,1,1
4613,52,0,52
4615,0,1,1
4616,0,7,7
4617,0,1,1
4618,0,4,4
4619,0,1,1
4620,12,0,12
4621,8,0,8
4622,0,1,1
4623,0,2,2
4624,0,2,2
4625,11,4,15
4626,0,5,5
4627,0,1,1
4629,0,1,1
4630,0,4,4
4631,26,1,27
4632,58,228,286
4633,0,12,12
4635,0,1,1
4636,0,1,1
4638,0,1,1
4639,6,0,6
4640,0,2,2
4641,0,1,1
4644,0,1,1
4645,26,1,27
4646,28,0,28
4647,0,11,11
4648,14,0,14
4649,0,1,1
4650,7,0,7
4651,0,2,2
4652,0,8,8
4653,110,114,224
4654,15,2,17
4655,0,2,2
4658,2,0,2
4659,0,3,3
4660,0,1,1
4661,76,19,95
4662,47,46,93
4663,0,10,10
4664,0,6,6
4665,0,9,9
4666,145,24,169
4667,0,1,1
4668,0,1,1
4669,0,13,13
4670,0,1,1
4671,0,7,7
4672,0,2,2
4673,0,96,96
4674,0,3,3
4675,0,1,1
4677,14,0,14
4678,13,0,13
4681,0,20,20
4682,0,14,14
4683,0,1,1
4684,3,0,3
4686,0,57,57
4687,101,23,124
4688,0,59,59
4689,34,1,35
4692,0,1,1
4693,0,2,2
4694,0,1,1
4695,0,1,1
4696,0,1,1
4697,0,1,1
4698,0,1,1
4699,0,1,1
4700,0,1,1
4701,0,1,1
4702,0,1,1
4703,0,1,1
4704,0,1,1
4705,0,3,3
4706,58,3,61
4707,0,1,1
4708,0,1,1
4709,75,25,100
4710,0,8,8
4711,0,1,1
4712,197,121,318
4713,58,0,58
4714,0,3,3
4715,57,11,68
4716,0,1,1
4717,78,62,140
4718,0,46,46
4719,63,0,63
4720,0,1,1
4721,0,2,2
4723,0,1,1
4725,0,36,36
4726,0,15,15
4727,0,1,1
4728,14,0,14
4733,0,4,4
4735,195,0,195
4736,0,1,1
4737,0,3,3
4738,0,1,1
4739,0,11,11
4740,0,1,1
4741,0,3,3
4742,0,2,2
4743,0,2,2
4744,0,2,2
4745,0,2,2
4746,0,18,18
4748,52,38,90
4749,0,3,3
4750,0,3,3
4751,0,4,4
4752,0,1,1
4753,0,1,1
4754,0,1,1
4755,0,1,1
4756,0,34,34
4757,0,6,6
4759,0,1,1
4760,0,7,7
4761,0,1,1
4762,0,1,1
4763,0,1,1
4764,38,53,91
4765,0,4,4
4766,0,1,1
4767,0,14,14
4771,0,3,3
4773,0,1,1
4774,0,13,13
4776,23,0,23
4777,44,2,46
4778,15,1,16
4779,5,0,5
4780,31,0,31
4781,62,27,89
4782,0,2,2
4783,5,0,5
4785,0,1,1
4786,20,3,23
4787,0,1,1
4788,0,20,20
4789,0,2,2
4790,0,1,1
4791,50,1,51
4792,60,62,122
4793,0,2,2
4794,0,1,1
4795,89,73,162
4796,61,4,65
4797,69,0,69
4798,54,4,58
4799,0,2,2
4800,0,1,1
4801,0,1,1
4803,0,1,1
4804,0,1,1
4805,0,2,2
4806,0,1,1
4807,0,1,1
4808,48,0,48
4809,5,0,5
4810,0,1,1
4811,78,0,78
4813,0,46,46
4814,45,20,65
4815,11,0,11
4816,0,1,1
4817,0,1,1
4818,0,28,28
4819,0,1,1
4820,56,0,56
4821,0,2,2
4822,9,0,9
4823,0,1,1
4824,48,101,149
4825,0,2,2
4826,0,1,1
4827,72,1,73
4828,141,168,309
4829,0,78,78
4830,0,1,1
4831,16,0,16
4832,0,7,7
4833,0,6,6
4834,0,1,1
4835,0,1,1
4836,0,1,1
4837,0,2,2
4838,0,2,2
4839,0,1,1
4840,0,4,4
4841,0,1,1
4842,0,2,2
4843,0,24,24
4844,0,2,2
4845,0,1,1
4846,68,34,102
4847,0,1,1
4848,0,1,1
4849,0,2,2
4850,0,3,3
4851,0,3,3
4852,0,3,3
4853,0,5,5
4854,0,2,2
4855,0,2,2
4856,0,3,3
4857,0,1,1
4858,0,1,1
4859,0,30,30
4860,0,2,2
4861,0,1,1
4862,0,4,4
4863,0,1,1
4864,0,4,4
4866,5,2,7
4867,0,1,1
4868,0,1,1
4869,0,1,1
4870,0,2,2
4871,0,1,1
4872,0,1,1
4873,0,1,1
4874,0,3,3
4875,181,0,181
4876,2,0,2
4879,17,28,45
4880,1,0,1
4881,0,4,4
4882,0,3,3
4883,0,5,5
4884,48,4,52
4885,0,4,4
4886,1,0,1
4887,3,0,3
4889,0,2,2
4890,0,1,1
4891,0,7,7
4893,0,5,5
4894,0,79,79
4896,1,0,1
4897,0,1,1
4898,0,11,11
4899,44,169,213
4900,0,1,1
4901,0,2,2
4903,0,2,2
4904,0,2,2
4905,0,1,1
4906,0,2,2
4908,0,1,1
4909,0,2,2
4910,0,2,2
4911,0,1,1
4912,0,2,2
4913,0,1,1
4914,0,2,2
4915,0,6,6
4916,0,1,1
4917,0,1,1
4918,0,1,1
4919,0,1,1
4920,0,2,2
4921,0,1,1
4922,0,2,2
4923,0,3,3
4924,0,10,10
4925,0,2,2
4926,0,7,7
4927,0,1,1
4929,65,9,74
4931,0,1,1
4932,0,2,2
4933,0,3,3
4934,7,6,13
4935,0,1,1
4936,0,2,2
4937,0,17,17
4938,45,12,57
4940,78,0,78
4942,9,0,9
4943,0,31,31
4944,45,4,49
4945,0,1,1
4946,4,0,4
4947,0,10,10
4948,0,214,214
4950,0,1,1
4951,0,1,1
4952,0,3,3
4953,64,0,64
4954,6,0,6
4957,0,1,1
4960,0,8,8
4962,55,0,55
4963,0,13,13
4964,88,60,148
4965,0,1,1
4966,10,25,35
4967,0,361,361
4969,0,1,1
4970,0,8,8
4971,0,1,1
4972,0,2,2
4973,0,8,8
4974,0,44,44
4975,0,2,2
4976,0,23,23
4977,43,3,46
4978,0,1,1
4979,0,1,1
4980,48,16,64
4981,87,53,140
4982,0,43,43
4983,89,4,93
4985,0,1,1
4986,43,1,44
4987,13,0,13
4988,0,23,23
4989,0,7,7
4991,4,0,4
4992,12,4,16
4993,16,4,20
4994,57,19,76
4995,0,1,1
4996,0,1,1
4999,73,0,73
5000,0,1,1
5001,0,1,1
5002,135,115,250
5003,0,2,2
5005,0,1,1
5006,0,28,28
5008,0,27,27
5009,0,14,14
5010,0,4,4
5011,0,10,10
5012,49,14,63
5013,0,7,7
5015,0,14,14
5016,0,10,10
5017,0,9,9
5018,0,1,1
5019,0,1,1
5020,109,139,248
5022,162,172,334
5024,0,4,4
5026,61,0,61
5028,74,43,117
5029,0,26,26
5031,0,1,1
5032,0,2,2
5033,9,0,9
5035,0,1,1
5036,0,4,4
5037,57,18,75
5038,0,5,5
5039,0,7,7
5040,0,3,3
5043,6,2,8
5044,12,0,12
5045,9,0,9
5046,0,2,2
5047,0,1,1
5048,0,6,6
5050,0,11,11
5051,0,8,8
5052,0,1,1
5053,0,52,52
5054,0,2,2
5055,78,0,78
5057,0,1,1
5058,33,0,33
5059,0,26,26
5060,0,3,3
5061,47,13,60
5062,0,1,1
5063,0,1,1
5064,22,1,23
5065,0,1,1
5067,0,2,2
5068,0,10,10
5069,0,5,5
5070,0,4,4
5071,0,1,1
5072,66,3,69
5073,57,0,57
5075,6,0,6
5077,0,1,1
5078,0,3,3
5079,165,271,436
5080,0,3,3
5081,0,5,5
5083,64,0,64
5084,0,1,1
5085,0,4,4
5086,0,1,1
5087,0,1,1
5088,0,1,1
5089,0,8,8
5090,0,3,3
5091,0,1,1
5092,72,0,72
5093,0,1,1
5095,0,3,3
5096,48,14,62
5097,0,1,1
5098,0,2,2
5099,0,14,14
5100,84,0,84
5102,0,54,54
5103,48,127,175
5104,0,3,3
5105,0,1,1
5106,64,33,97
5109,0,1,1
5110,0,84,84
5111,0,7,7
5112,0,1,1
5114,0,4,4
5115,15,0,15
5116,0,1,1
5117,0,2,2
5118,0,13,13
5119,0,18,18
5120,4,0,4
5121,43,9,52
5122,0,1,1
5123,108,69,177
5124,0,1,1
5125,0,54,54
5126,0,3,3
5127,0,1,1
5128,0,1,1
5129,0,1,1
5130,79,0,79
5132,33,0,33
5133,5,0,5
5135,0,1,1
5136,0,1,1
5138,0,1,1
5139,0,11,11
5140,41,51,92
5141,11,1,12
5142,0,4,4
5143,0,16,16
5144,66,0,66
5145,1,0,1
5146,5,0,5
5148,58,0,58
5150,0,13,13
5151,0,3,3
5152,0,4,4
5153,0,5,5
5154,0,3,3
5155,54,24,78
5158,0,1,1
5159,0,1,1
5160,0,12,12
5161,0,1,1
5162,52,5,57
5163,0,1,1
5164,0,2,2
5166,0,48,48
5167,0,1,1
5171,0,41,41
5172,0,29,29
5173,0,122,122
5174,0,6,6
5175,0,35,35
5176,46,139,185
5177,1,101,102
5178,117,19,136
5179,101,217,318
5180,0,49,49
5181,0,41,41
5182,59,14,73
5183,0,1,1
5184,0,68,68
5185,0,152,152
5186,0,2,2
5187,0,31,31
5188,69,211,280
5189,63,312,375
5190,0,80,80
5191,0,10,10
5192,0,1,1
5193,0,18,18
5194,0,10,10
5195,0,4,4
5196,0,32,32
5197,0,3,3
5198,0,6,6
5199,66,22,88
5200,88,15,103
5201,0,15,15
5202,0,2,2
5203,0,15,15
5204,71,0,71
5207,0,13,13
5208,15,0,15
5209,0,1,1
5210,158,0,158
5213,0,1,1
5214,0,1,1
5215,40,8,48
5216,0,1,1
5217,0,21,21
5218,0,1,1
5219,0,1,1
5220,0,1,1
5221,0,1,1
5222,51,1,52
5224,0,1,1
5225,0,1,1
5226,75,17,92
5227,0,1,1
5228,0,1,1
5229,0,1,1
5230,0,1,1
5231,12,0,12
5232,0,2,2
5233,149,24,173
5238,0,3,3
5239,49,1,50
5240,3,0,3
5241,0,2,2
5242,0,1,1
5243,0,19,19
5244,0,1,1
5245,28,0,28
5246,36,44,80
5247,0,2,2
5248,0,2,2
5249,0,1,1
5250,0,14,14
5251,0,1,1
5252,0,1,1
5253,6,0,6
5254,265,33,298
5255,12,8,20
5260,6,0,6
5261,0,2,2
5262,76,59,135
5263,51,75,126
5264,0,7,7
5265,0,1,1
5267,3,2,5
5269,0,1,1
5271,6,0,6
5273,58,12,70
5274,3,0,3
5275,0,2,2
5276,0,9,9
5277,0,1,1
5278,0,1,1
5280,0,1,1
5281,0,1,1
5282,0,4,4
5283,0,2,2
5284,0,2,2
5285,33,21,54
5286,0,10,10
5287,0,1,1
5288,126,0,126
5289,48,6,54
5290,0,1,1
5291,0,1,1
5294,0,1,1
5295,50,22,72
5296,8,16,24
5298,12,0,12
5299,0,1,1
5300,0,1,1
5301,71,61,132
5303,3,0,3
5305,33,0,33
5306,6,1,7
5308,19,0,19
5309,5,0,5
5310,2,0,2
5311,11,0,11
5312,7,9,16
5313,0,12,12
5314,0,1,1
5315,0,1,1
5316,0,24,24
5317,0,18,18
5320,0,11,11
5321,88,32,120
5322,0,1,1
5323,42,3,45
5324,0,16,16
5326,16,0,16
5327,43,0,43
5328,0,1,1
5329,0,2,2
5330,0,1,1
5332,0,6,6
5333,0,3,3
5334,0,7,7
5335,94,0,94
5336,0,3,3
5337,0,1,1
5339,0,10,10
5341,56,2,58
5342,0,30,30
5343,0,2,2
5344,0,3,3
5345,0,1,1
5346,0,1,1
5347,0,2,2
5348,0,1,1
5350,4,0,4
5351,6,0,6
5352,0,3,3
5353,0,1,1
5354,6,0,6
5355,0,1,1
5356,0,1,1
5357,0,1,1
5358,0,1,1
5360,0,15,15
5361,0,6,6
5362,1,0,1
5363,3,0,3
5364,6,0,6
5365,0,1,1
5366,0,2,2
5367,0,1,1
5368,5,0,5
5370,0,1,1
5371,0,1,1
5372,0,1,1
5373,0,1,1
5374,0,1,1
5375,24,0,24
5376,0,1,1
5377,0,1,1
5378,44,17,61
5380,0,2,2
5381,0,4,4
5382,0,19,19
5384,35,2,37
5385,0,1,1
5386,0,3,3
5387,15,1,16
5388,3,0,3
5390,0,2,2
5391,0,37,37
5392,65,0,65
5393,20,0,20
5395,0,1,1
5396,0,12,12
5397,0,1,1
5398,0,2,2
5399,0,8,8
5400,0,4,4
5401,0,3,3
5404,117,40,157
5405,0,4,4
5406,13,1,14
5410,0,1,1
5412,219,0,219
5413,0,1,1
5414,1,0,1
5415,42,1,43
5416,0,1,1
5417,10,0,10
5418,0,1,1
5419,0,9,9
5421,39,4,43
5422,0,1,1
5423,97,48,145
5424,0,2,2
5426,10,0,10
5427,0,37,37
5428,0,3,3
5429,0,1,1
5430,65,6,71
5431,0,1,1
5432,52,4,56
5434,5,0,5
5435,0,1,1
5436,0,1,1
5437,40,26,66
5438,0,1,1
5439,43,66,109
5440,0,2,2
5442,3,0,3
5445,58,63,121
5446,0,26,26
5447,0,2,2
5448,0,3,3
5449,104,0,104
5452,64,17,81
5454,65,19,84
5455,0,8,8
5456,0,2,2
5457,41,44,85
5459,175,0,175
5460,0,1,1
5461,0,1,1
5462,0,19,19
5463,57,0,57
5465,48,0,48
5466,37,2,39
5467,15,0,15
5468,0,10,10
5469,3,0,3
5470,6,0,6
5471,2,0,2
5472,0,16,16
5473,0,1,1
5474,0,8,8
5475,0,2,2
5476,0,1,1
5477,0,1,1
5478,0,9,9
5479,43,28,71
5480,0,3,3
5481,5,0,5
5482,60,12,72
5483,0,1,1
5484,153,22,175
5485,0,21,21
5486,0,1,1
5487,26,30,56
5488,0,1,1
5489,0,12,12
5490,0,1,1
5491,0,1,1
5494,0,1,1
5495,0,4,4
5496,0,1,1
5497,0,1,1
5499,13,3,16
5500,24,1,25
5501,0,3,3
5503,3,0,3
5504,0,2,2
5505,0,1,1
5506,46,0,46
5507,0,1,1
5508,0,1,1
5509,48,0,48
5510,0,1,1
5511,49,3,52
5512,0,2,2
5513,17,0,17
5514,12,0,12
5515,0,7,7
5516,0,2,2
5517,0,1,1
5518,0,1,1
5519,0,1,1
5520,0,2,2
5521,0,3,3
5522,0,1,1
5523,0,1,1
5524,149,389,538
5525,0,1,1
5526,0,6,6
5527,60,2,62
5528,0,6,6
5529,69,39,108
5530,0,1,1
5531,0,243,243
5532,0,26,26
5533,3,0,3
5534,0,14,14
5535,0,1,1
5536,0,3,3
5537,0,1,1
5539,34,0,34
5540,0,3,3
5541,0,1,1
5542,0,1,1
5543,145,137,282
5544,0,4,4
5545,69,0,69
5548,0,1,1
5549,0,10,10
5550,0,11,11
5551,0,8,8
5552,0,8,8
5553,0,46,46
5554,0,1,1
5555,0,1,1
5558,0,3,3
5559,29,0,29
5561,0,1,1
5562,0,13,13
5563,106,2,108
5564,10,0,10
5565,0,3,3
5566,0,1,1
5567,0,1,1
5568,44,0,44
5569,5,1,6
5570,4,0,4
5571,0,1,1
5572,0,1,1
5573,0,1,1
5576,0,1,1
5577,0,8,8
5578,0,1,1
5579,0,2,2
5580,0,2,2
5581,0,2,2
5582,39,105,144
5583,0,2,2
5584,53,12,65
5587,0,1,1
5588,5,0,5
5589,0,11,11
5590,0,5,5
5591,0,27,27
5592,29,0,29
5594,0,1,1
5595,0,1,1
5596,72,30,102
5598,0,1,1
5599,0,1,1
5600,0,8,8
5601,0,2,2
5602,0,1,1
5603,0,3,3
5604,0,7,7
5605,90,11,101
5606,0,28,28
5607,0,1,1
5608,0,16,16
5609,0,1,1
5610,0,2,2
5611,0,1,1
5612,0,66,66
5613,0,1,1
5614,30,7,37
5615,0,3,3
5616,0,15,15
5617,0,22,22
5620,34,7,41
5622,0,2,2
5623,15,2,17
5624,55,28,83
5625,0,1,1
5626,37,4,41
5627,0,3,3
5628,0,1,1
5629,0,1,1
5630,19,36,55
5631,4,0,4
5633,0,1,1
5635,8,0,8
5636,0,1,1
5637,58,0,58
5638,38,0,38
5639,17,4,21
5640,39,2,41
5643,13,0,13
5644,0,21,21
5645,0,1,1
5646,0,2,2
5647,0,8,8
5648,0,1,1
5649,0,2,2
5650,31,2,33
5651,58,1,59
5652,0,1,1
5653,0,1,1
5655,11,139,150
5656,0,5,5
5657,0,2,2
5658,0,10,10
5659,0,1,1
5660,0,2,2
5661,0,3,3
5662,0,4,4
5663,8,0,8
5664,5,0,5
5665,1,0,1
5666,0,5,5
5667,0,5,5
5668,0,4,4
5669,0,1,1
5670,0,2,2
5671,56,3,59
5673,4,0,4
5674,0,1,1
5675,0,8,8
5676,0,1,1
5678,0,1,1
5679,1,0,1
5680,53,4,57
5682,0,1,1
5683,77,0,77
5684,54,18,72
5685,0,1,1
5686,0,3,3
5687,0,1,1
5688,0,1,1
5689,0,1,1
5690,0,1,1
5691,0,49,49
5692,0,21,21
5693,61,0,61
5694,4,0,4
5695,0,1,1
5696,0,50,50
5697,104,230,334
5698,0,1,1
5702,0,10,10
5703,0,1,1
5704,0,4,4
5705,23,3,26
5706,6,0,6
5707,0,4,4
5708,0,7,7
5709,9,11,20
5710,0,1,1
5711,0,1,1
5712,0,1,1
5713,8,1,9
5714,107,44,151
5717,0,1,1
5718,0,1,1
5720,0,3,3
5721,47,10,57
5722,0,3,3
5726,1,0,1
5729,0,1,1
5730,0,1,1
5731,0,2,2
5732,48,0,48
5733,0,1,1
5735,0,1,1
5737,47,0,47
5738,43,14,57
5739,74,45,119
5740,3,0,3
5741,0,13,13
5743,91,0,91
5744,0,1,1
5745,20,0,20
5746,0,1,1
5747,0,2,2
5748,0,1,1
5749,0,2,2
5750,0,4,4
5751,0,1,1
5752,0,1,1
5753,47,4,51
5754,2,0,2
5755,0,1,1
5756,18,0,18
5757,14,1,15
5760,95,3,98
5761,0,9,9
5763,0,4,4
5764,0,1,1
5765,0,1,1
5766,0,1,1
5767,1,0,1
5768,0,13,13
5769,0,4,4
5770,0,6,6
5771,0,9,9
5772,19,15,34
5773,78,75,153
5774,0,1,1
5775,77,42,119
5776,41,14,55
5778,4,0,4
5780,60,0,60
5781,0,1,1
5782,1,0,1
5783,0,23,23
5784,25,1,26
5785,0,2,2
5786,0,1,1
5787,0,32,32
5788,0,5,5
5789,0,1,1
5790,50,1,51
5792,3,0,3
5793,2,0,2
5794,0,1,1
5796,0,191,191
5797,0,3,3
5798,47,12,59
5799,69,23,92
5800,139,222,361
5801,12,2,14
5802,41,385,426
5803,0,2,2
5804,66,33,99
5805,0,16,16
5806,82,83,165
5807,28,27,55
5808,0,6,6
5809,8,21,29
5810,0,29,29
5811,58,79,137
5812,48,41,89
5813,0,2,2
5814,104,144,248
5815,0,5,5
5816,0,84,84
5817,63,75,138
5818,77,67,144
5819,55,61,116
5820,0,20,20
5821,0,22,22
5822,64,98,162
5823,0,12,12
5824,32,41,73
5827,59,15,74
5828,74,0,74
5829,76,12,88
5830,8,0,8
5832,5,0,5
5833,0,1,1
5834,0,6,6
5835,31,0,31
5836,0,11,11
5837,26,1,27
5838,4,0,4
5839,85,41,126
5840,0,1,1
5841,0,1,1
5842,0,1,1
5844,69,0,69
5846,0,3,3
5848,51,0,51
5850,20,0,20
5852,0,1,1
5853,0,1,1
5854,0,1,1
5855,0,8,8
5856,0,1,1
5857,0,92,92
5859,0,16,16
5860,15,0,15
5861,0,2,2
5862,0,24,24
5863,57,0,57
5864,0,1,1
5866,0,1,1
5868,0,3,3
5871,75,50,125
5872,93,27,120
5873,0,6,6
5874,0,1,1
5875,0,1,1
5876,0,1,1
5877,0,7,7
5878,0,1,1
5880,3,0,3
5882,3,0,3
5883,0,2,2
5884,0,2,2
5885,0,3,3
5886,87,0,87
5887,20,1,21
5888,0,1,1
5889,0,1,1
5890,0,5,5
5891,58,0,58
5892,0,2,2
5895,0,1,1
5896,0,10,10
5897,59,2,61
5899,0,2,2
5902,85,1,86
5903,0,1,1
5907,0,1,1
5908,0,19,19
5909,0,2,2
5910,0,1,1
5911,0,2,2
5913,0,5,5
5914,0,2,2
5915,0,52,52
5916,0,9,9
5917,0,1,1
5919,0,2,2
5920,0,10,10
5921,0,4,4
5922,52,7,59
5923,0,3,3
5924,0,1,1
5925,64,0,64
5926,6,0,6
5927,0,10,10
5928,53,4,57
5930,0,3,3
5931,5,0,5
5932,40,33,73
5933,35,4,39
5934,0,42,42
5935,0,11,11
5936,65,2,67
5937,0,1,1
5938,0,2,2
5939,0,3,3
5940,0,13,13
5941,0,1,1
5942,0,4,4
5943,0,1,1
5944,0,1,1
5945,0,9,9
5946,0,4,4
5947,75,0,75
5949,0,3,3
5950,38,4,42
5952,0,14,14
5955,3,0,3
5956,2,0,2
5958,0,3,3
5959,0,1,1
5960,0,4,4
5961,0,11,11
5962,0,2,2
5963,90,0,90
5964,0,1,1
5965,0,3,3
5966,0,7,7
5967,0,1,1
5969,40,5,45
5970,0,1,1
5971,1,0,1
5972,18,2,20
5973,30,0,30
5977,13,0,13
5978,0,1,1
5980,28,8,36
5981,0,6,6
5982,0,4,4
5983,0,1,1
5984,0,10,10
5985,0,1,1
5986,0,1,1
5987,0,1,1
5988,0,4,4
5989,0,1,1
5990,0,1,1
5991,18,0,18
5992,0,1,1
5993,0,3,3
5994,57,0,57
5995,0,2,2
5997,0,2,2
5998,50,81,131
5999,0,20,20
6000,46,10,56
6001,48,5,53
6002,0,1,1
6003,0,1,1
6004,88,6,94
6005,0,1,1
6006,109,68,177
6007,0,6,6
6009,10,0,10
6010,3,0,3
6013,0,3,3
6014,0,1,1
6015,0,3,3
6016,0,10,10
6017,0,2,2
6018,0,1,1
6019,0,1,1
6020,0,25,25
6021,12,0,12
6022,0,1,1
6023,26,30,56
6024,0,17,17
6025,1,0,1
6026,0,3,3
6027,7,0,7
6028,0,1,1
6029,37,2,39
6030,0,1,1
6031,0,2,2
6032,63,80,143
6033,0,1,1
6034,0,1,1
6035,0,1,1
6036,0,1,1
6037,0,1,1
6038,0,6,6
6039,0,1,1
6041,8,0,8
6042,0,1,1
6043,50,39,89
6044,73,2,75
6045,0,7,7
6046,0,2,2
6047,8,4,12
6048,0,1,1
6049,0,3,3
6050,0,1,1
6051,0,1,1
6052,0,1,1
6053,0,1,1
6054,3,0,3
6055,3,0,3
6056,0,1,1
6057,0,1,1
6058,0,1,1
6059,11,0,11
6060,0,1,1
6061,0,1,1
6062,0,2,2
6063,0,1,1
6064,0,4,4
6066,0,1,1
6067,0,1,1
6068,0,32,32
6069,0,5,5
6070,0,3,3
6071,0,3,3
6072,0,54,54
6073,0,1,1
6074,0,1,1
6075,0,18,18
6077,0,1,1
6078,10,0,10
6079,0,1,1
6080,9,0,9
6081,0,3,3
6082,0,18,18
6083,9,0,9
6088,3,0,3
6089,0,1,1
6090,1,0,1
6091,0,1,1
6092,0,1,1
6093,0,5,5
6094,39,11,50
6096,7,0,7
6097,61,26,87
6098,62,1,63
6100,0,1,1
6101,1,0,1
6105,17,0,17
6106,4,0,4
6107,4,0,4
6108,0,4,4
6109,5,0,5
6110,6,1,7
6111,10,0,10
6112,0,1,1
6113,0,1,1
6114,0,2,2
6116,0,2,2
6118,0,2,2
6119,0,3,3
6120,0,1,1
6121,0,2,2
6123,89,24,113
6124,71,0,71
6126,0,11,11
6127,0,3,3
6128,0,2,2
6129,0,1,1
6130,6,1,7
6132,0,2,2
6133,0,4,4
6134,0,7,7
6135,0,2,2
6139,0,1,1
6141,0,1,1
6142,0,1,1
6143,0,1,1
6144,0,1,1
6145,0,1,1
6146,0,9,9
6147,0,1,1
6148,60,0,60
6149,3,0,3
6150,0,1,1
6151,60,13,73
6152,0,1,1
6153,0,1,1
6155,0,1,1
6156,85,22,107
6157,0,3,3
6158,0,1,1
6160,0,3,3
6161,22,0,22
6162,6,0,6
6164,11,0,11
6165,0,4,4
6166,34,0,34
6168,0,1,1
6169,0,3,3
6170,33,14,47
6174,35,10,45
6175,0,1,1
6176,0,3,3
6177,0,2,2
6178,0,1,1
6179,0,7,7
6180,0,3,3
6181,0,1,1
6182,0,3,3
6183,0,1,1
6184,0,2,2
6185,0,1,1
6186,0,1,1
6187,0,1,1
6188,0,1,1
6190,0,3,3
6191,0,1,1
6192,0,2,2
6193,0,1,1
6196,0,2,2
6197,0,2,2
6198,15,14,29
6199,0,1,1
6200,0,6,6
6201,0,2,2
6202,0,3,3
6203,0,1,1
6204,0,12,12
6205,0,1,1
6206,0,1,1
6207,0,4,4
6208,0,3,3
6212,0,3,3
6213,0,3,3
6214,0,1,1
6215,0,1,1
6216,0,5,5
6217,0,31,31
6218,50,53,103
6219,0,4,4
6220,0,18,18
6221,45,31,76
6222,0,1,1
6223,0,17,17
6224,0,1,1
6225,4,0,4
6226,13,0,13
6227,54,2,56
6228,0,1,1
6229,70,19,89
6230,0,2,2
6232,0,3,3
6235,8,0,8
6236,0,1,1
6239,0,5,5
6240,0,1,1
6241,29,75,104
6242,0,5,5
6243,43,35,78
6244,0,1,1
6245,0,8,8
6246,55,0,55
6247,0,1,1
6248,0,10,10
6251,54,0,54
6252,0,2,2
6253,0,1,1
6254,0,1,1
6255,37,0,37
6257,3,0,3
6258,0,1,1
6259,1,0,1
6261,13,0,13
6262,54,1,55
6263,0,4,4
6264,0,1,1
6265,0,1,1
6266,0,1,1
6267,1,0,1
6269,10,0,10
6270,40,88,128
6271,0,11,11
6272,46,76,122
6273,0,1,1
6274,0,9,9
6275,0,1,1
6276,0,1,1
6278,5,0,5
6279,1,0,1
6280,4,52,56
6281,0,1,1
6282,0,1,1
6286,0,3,3
6287,0,1,1
6288,0,1,1
6291,0,1,1
6292,0,1,1
6293,0,1,1
6294,0,1,1
6295,0,3,3
6296,49,0,49
6297,0,1,1
6298,0,7,7
6299,104,78,182
6301,0,1,1
6302,17,0,17
6304,0,1,1
6305,53,190,243
6306,79,0,79
6307,6,0,6
6311,12,1,13
6312,0,3,3
6313,0,2,2
6314,0,10,10
6315,0,1,1
6316,0,19,19
6317,0,5,5
6319,0,2,2
6320,34,23,57
6321,4,0,4
6323,31,44,75
6324,0,6,6
6325,0,5,5
6326,0,2,2
6327,122,108,230
6328,59,0,59
6330,80,1,81
6331,0,3,3
6332,0,1,1
6333,0,2,2
6334,43,4,47
6337,71,0,71
6339,0,3,3
6340,9,0,9
6344,4,2,6
6346,0,17,17
6347,63,11,74
6348,0,1,1
6349,0,1,1
6350,0,1,1
6351,0,1,1
6355,0,1,1
6356,0,2,2
6359,0,81,81
6360,11,35,46
6366,0,1,1
6367,0,2,2
6371,0,1,1
6374,0,1,1
6375,0,1,1
6376,4,0,4
6377,0,17,17
6378,0,2,2
6379,0,1,1
6380,0,4,4
6381,0,3,3
6383,0,3,3
6387,0,1,1
6388,63,0,63
6389,0,1,1
6391,0,1,1
6392,0,1,1
6393,0,1,1
6394,0,8,8
6395,0,1,1
6396,0,1,1
6397,0,1,1
6398,0,29,29
6399,0,1,1
6400,49,0,49
6406,0,2,2
6407,32,0,32
6408,0,3,3
6409,20,0,20
6410,0,1,1
6411,0,1,1
6412,0,1,1
6413,0,1,1
6414,94,21,115
6415,0,4,4
6416,0,2,2
6417,74,0,74
6421,7,23,30
6422,62,11,73
6423,0,1,1
6424,41,2,43
6426,0,1,1
6427,6,0,6
6428,0,3,3
6429,0,1,1
6430,0,1,1
6431,0,1,1
6432,47,0,47
6435,11,0,11
6436,0,3,3
6437,67,0,67
6439,0,1,1
6440,0,3,3
6441,63,0,63
6442,53,4,57
6443,0,70,70
6444,0,1,1
6445,0,7,7
6446,0,1,1
6447,14,12,26
6448,0,1,1
6450,0,1,1
6451,0,1,1
6452,0,2,2
6453,0,1,1
6454,0,1,1
6455,0,1,1
6456,0,3,3
6457,0,2,2
6458,67,28,95
6459,0,2,2
6460,0,58,58
6461,0,6,6
6462,16,3,19
6464,9,0,9
6466,0,1,1
6467,0,8,8
6468,0,1,1
6469,0,2,2
6470,0,1,1
6471,0,5,5
6472,12,0,12
6474,26,1,27
6475,2,0,2
6477,0,1,1
6478,0,1,1
6479,0,13,13
6480,0,1,1
6481,62,0,62
6483,0,28,28
6484,0,10,10
6485,0,1,1
6486,0,85,85
6487,0,4,4
6488,0,22,22
6489,0,2,2
6490,0,2,2
6491,10,4,14
6492,0,2,2
6493,0,1,1
6494,0,101,101
6495,0,2,2
6496,85,0,85
6497,0,1,1
6498,52,0,52
6500,0,8,8
6501,41,17,58
6502,0,12,12
6503,43,4,47
6504,0,7,7
6505,67,0,67
6506,0,1,1
6507,0,1,1
6508,0,1,1
6509,0,1,1
6510,0,54,54
6511,13,0,13
6513,0,1,1
6514,0,1,1
6515,0,1,1
6516,0,1,1
6517,0,2,2
6518,0,33,33
6519,0,1,1
6520,0,2,2
6521,0,1,1
6522,0,29,29
6523,89,33,122
6524,0,8,8
6525,0,17,17
6526,0,11,11
6527,0,1,1
6528,34,0,34
6529,14,0,14
6530,7,0,7
6532,7,0,7
6533,0,1,1
6534,0,1,1
6535,0,1,1
6536,0,2,2
6537,0,5,5
6538,0,21,21
6539,0,1,1
6541,0,1,1
6542,0,1,1
6543,5,0,5
6544,0,1,1
6545,0,5,5
6546,0,2,2
6547,0,1,1
6548,0,10,10
6550,0,9,9
6551,0,2,2
6552,34,29,63
6553,29,0,29
6554,37,0,37
6555,111,35,146
6560,140,43,183
6561,0,3,3
6563,0,58,58
6565,0,1,1
6566,59,0,59
6567,16,0,16
6568,2,0,2
6570,32,4,36
6571,17,0,17
6572,0,1,1
6573,0,1,1
6574,0,1,1
6575,0,1,1
6576,47,0,47
6577,0,10,10
6578,0,1,1
6579,0,1,1
6580,0,1,1
6581,0,1,1
6582,0,1,1
6583,0,1,1
6584,0,1,1
6585,0,1,1
6586,0,1,1
6587,0,1,1
6588,0,1,1
6589,27,0,27
6590,9,0,9
6592,6,1,7
6594,37,0,37
6595,40,12,52
6596,31,177,208
6598,0,6,6
6599,50,0,50
6600,61,0,61
6601,0,1,1
6602,0,1,1
6603,0,1,1
6604,0,1,1
6605,0,10,10
6606,21,0,21
6607,0,4,4
6608,0,18,18
6609,0,7,7
6611,1,15,16
6612,0,7,7
6613,43,9,52
6614,0,2,2
6615,0,160,160
6616,0,18,18
6617,0,1,1
6618,69,91,160
6619,0,104,104
6620,0,93,93
6621,4,0,4
6622,0,5,5
6623,1,0,1
6624,60,135,195
6625,0,3,3
6626,0,9,9
6627,0,50,50
6628,19,0,19
6630,0,1,1
6632,37,0,37
6633,0,1,1
6634,203,3,206
6635,0,9,9
6636,0,2,2
6638,0,1,1
6639,0,1,1
6641,2,0,2
6643,0,2,2
6644,0,1,1
6645,0,2,2
6646,0,4,4
6647,0,1,1
6648,0,3,3
6649,0,26,26
6650,0,1,1
6651,0,1,1
6652,0,1,1
6653,0,1,1
6654,0,1,1
6655,0,7,7
6656,0,1,1
6657,0,11,11
6658,0,5,5
6660,0,1,1
6661,7,0,7
6663,15,0,15
6665,114,29,143
6666,0,6,6
6668,6,0,6
6670,7,0,7
6671,0,4,4
6672,0,1,1
6673,0,1,1
6674,0,1,1
6675,0,1,1
6676,0,6,6
6677,0,1,1
6678,0,1,1
6679,0,1,1
6680,1,0,1
6681,2,0,2
6682,10,0,10
6683,0,3,3
6684,0,1,1
6685,6,0,6
6686,11,0,11
6687,0,1,1
6688,0,1,1
6689,0,1,1
6690,0,1,1
6691,5,0,5
6692,0,6,6
6695,0,2,2
6696,0,2,2
6697,0,1,1
6698,0,1,1
6699,44,0,44
6700,18,0,18
6701,0,1,1
6702,0,10,10
6703,0,1,1
6705,0,1,1
6706,0,3,3
6707,11,0,11
6709,6,2,8
6710,0,2,2
6711,0,7,7
6712,31,11,42
6713,0,4,4
6714,46,100,146
6715,81,0,81
6717,0,4,4
6718,0,1,1
6719,0,3,3
6720,51,0,51
6721,6,0,6
6723,6,0,6
6724,5,0,5
6725,28,0,28
6726,0,12,12
6727,0,1,1
6728,0,1,1
6729,0,1,1
6730,0,1,1
6731,0,1,1
6732,0,1,1
6734,0,2,2
6735,0,1,1
6736,58,33,91
6737,32,1,33
6738,0,1,1
6739,45,0,45
6744,0,2,2
6745,0,1,1
6746,0,2,2
6747,0,4,4
6749,0,1,1
6751,0,2,2
6752,0,1,1
6753,0,4,4
6755,17,2,19
6756,1,0,1
6757,1,0,1
6758,0,10,10
6759,23,3,26
6760,0,2,2
6761,0,1,1
6762,5,0,5
6764,0,1,1
6765,51,1,52
6766,0,22,22
6767,0,2,2
6768,0,1,1
6769,5,0,5
6770,66,6,72
6771,0,2,2
6772,7,77,84
6773,0,1,1
6774,113,24,137
6775,0,3,3
6776,0,3,3
6777,15,0,15
6778,3,0,3
6779,0,3,3
6780,61,6,67
6781,0,8,8
6782,0,1,1
6783,42,4,46
6784,115,42,157
6787,0,1,1
6788,13,0,13
6789,57,11,68
6790,65,11,76
6791,1,0,1
6793,0,1,1
6794,0,1,1
6795,0,2,2
6797,0,1,1
6798,0,1,1
6800,0,1,1
6801,0,6,6
6802,0,3,3
6803,26,0,26
6804,0,6,6
6805,12,0,12
6806,10,0,10
6807,0,1,1
6808,0,1,1
6809,15,2,17
6810,0,1,1
6811,0,1,1
6812,0,2,2
6813,6,1,7
6815,0,4,4
6816,0,1,1
6818,0,2,2
6819,0,1,1
6821,0,1,1
6822,0,2,2
6824,0,1,1
6826,2,0,2
6828,0,1,1
6829,0,4,4
6832,170,0,170
6833,95,1,96
6834,0,2,2
6835,0,1,1
6836,0,1,1
6837,0,1,1
6840,14,0,14
6841,0,2,2
6842,0,1,1
6843,0,1,1
6844,0,1,1
6845,0,2,2
6846,0,6,6
6847,0,1,1
6848,0,14,14
6850,35,0,35
6852,0,1,1
6854,0,1,1
6855,69,14,83
6856,1,0,1
6858,2,0,2
6859,0,11,11
6860,49,0,49
6861,0,2,2
6862,0,1,1
6863,0,2,2
6864,0,2,2
6865,0,19,19
6866,0,4,4
6867,0,5,5
6869,74,1,75
6870,0,3,3
6871,1,0,1
6873,38,0,38
6875,59,15,74
6876,0,1,1
6877,0,1,1
6878,0,1,1
6880,0,2,2
6881,0,1,1
6883,0,4,4
6884,0,1,1
6885,0,19,19
6886,0,7,7
6889,0,5,5
6890,10,0,10
6892,13,0,13
6895,0,6,6
6896,0,4,4
6897,45,0,45
6899,0,2,2
6900,0,31,31
6901,46,0,46
6902,0,28,28
6903,0,1,1
6904,2,0,2
6905,0,1,1
6906,0,49,49
6907,64,191,255
6908,0,1,1
6909,0,1,1
6910,0,1,1
6911,0,5,5
6912,0,3,3
6913,90,44,134
6914,124,95,219
6915,0,2,2
6916,0,54,54
6917,8,3,11
6918,61,29,90
6920,5,0,5
6921,0,1,1
6922,0,1,1
6923,9,2,11
6924,13,16,29
6926,0,1,1
6927,0,1,1
6928,0,1,1
6929,0,1,1
6930,59,0,59
6933,9,0,9
6934,77,65,142
6935,0,2,2
6936,0,1,1
6938,12,4,16
6940,0,1,1
6941,0,57,57
6942,10,0,10
6943,0,1,1
6945,24,18,42
6946,117,68,185
6947,0,1,1
6948,27,0,27
6949,0,5,5
6950,5,0,5
6951,2,47,49
6953,30,1,31
6954,0,3,3
6955,54,0,54
6958,0,2,2
6959,0,5,5
6960,0,1,1
6961,0,2,2
6962,0,1,1
6963,0,1,1
6965,2,0,2
6967,7,0,7
6968,0,1,1
6969,0,1,1
6971,0,6,6
6972,0,1,1
6974,0,2,2
6975,0,10,10
6976,61,41,102
6978,0,1,1
6979,105,0,105
6980,70,0,70
6981,0,1,1
6982,18,0,18
6983,1,0,1
6984,0,7,7
6985,0,1,1
6986,0,1,1
6987,1,0,1
6990,0,1,1
6991,0,18,18
6993,30,81,111
6994,34,19,53
6995,0,1,1
6996,0,1,1
6997,4,0,4
6998,0,1,1
6999,0,1,1
7000,0,1,1
7001,0,1,1
7002,0,2,2
7003,0,1,1
7004,0,1,1
7005,47,13,60
7006,0,1,1
7007,0,1,1
7008,0,1,1
7009,0,1,1
7010,0,1,1
7011,0,3,3
7012,43,10,53
7013,0,1,1
7014,0,2,2
7015,0,1,1
7016,0,1,1
7017,0,1,1
7018,0,1,1
7019,0,4,4
7020,0,3,3
7021,93,15,108
7022,0,1,1
7023,8,8,16
7024,0,3,3
7025,0,1,1
7026,0,13,13
7027,0,1,1
7028,0,1,1
7029,0,2,2
7030,0,2,2
7031,0,1,1
7032,0,1,1
7033,2,0,2
7034,1,0,1
7035,0,2,2
7036,0,2,2
7037,0,1,1
7038,0,7,7
7040,30,0,30
7041,0,1,1
7042,3,0,3
7043,0,14,14
7044,0,3,3
7045,0,36,36
7046,0,21,21
7047,54,161,215
7048,0,1,1
7049,0,27,27
7050,50,5,55
7051,0,1,1
7052,82,142,224
7053,0,31,31
7054,50,40,90
7055,0,98,98
7056,0,37,37
7057,0,118,118
7059,31,0,31
7060,7,0,7
7061,0,3,3
7062,4,4,8
7063,61,16,77
7064,0,3,3
7065,0,1,1
7070,0,2,2
7071,0,4,4
7072,0,1,1
7073,41,0,41
7074,21,0,21
7079,0,1,1
7080,0,70,70
7082,0,1,1
7084,0,1,1
7085,0,1,1
7086,0,123,123
7087,0,2,2
7088,29,5,34
7089,0,2,2
7090,0,11,11
7092,155,93,248
7094,38,0,38
7095,0,1,1
7096,0,5,5
7098,0,1,1
7099,0,18,18
7100,0,15,15
7101,44,0,44
7103,0,1,1
7104,0,15,15
7106,0,4,4
7107,0,2,2
7108,61,0,61
7109,0,2,2
7110,11,5,16
7111,0,1,1
7112,0,1,1
7113,0,12,12
7114,0,1,1
7115,88,0,88
7116,46,1,47
7117,0,7,7
7118,0,1,1
7119,47,0,47
7120,21,18,39
7121,0,7,7
7122,0,1,1
7123,0,1,1
7124,0,1,1
7125,0,1,1
7126,0,3,3
7127,0,2,2
7128,0,2,2
7129,0,11,11
7130,0,2,2
7131,68,24,92
7132,0,30,30
7133,0,1,1
7134,0,3,3
7135,0,1,1
7136,0,2,2
7137,0,1,1
7138,0,2,2
7139,0,3,3
7140,0,1,1
7142,0,4,4
7143,46,0,46
7144,47,0,47
7145,0,1,1
7146,11,1,12
7149,7,0,7
7150,0,10,10
7151,0,1,1
7153,0,12,12
7154,0,1,1
7155,0,1,1
7156,0,1,1
7157,0,1,1
7158,0,1,1
7159,0,1,1
7160,0,1,1
7161,5,0,5
7162,12,0,12
7163,0,2,2
7164,0,4,4
7165,0,3,3
7166,0,1,1
7167,0,1,1
7168,53,0,53
7170,0,1,1
7171,0,9,9
7172,0,2,2
7173,0,2,2
7174,0,1,1
7175,0,2,2
7176,0,4,4
7177,0,1,1
7178,0,2,2
7179,0,2,2
7180,0,4,4
7181,0,2,2
7183,0,9,9
7184,0,2,2
7185,31,0,31
7186,16,0,16
7187,0,1,1
7188,0,14,14
7189,0,3,3
7190,0,1,1
7191,1,0,1
7192,0,1,1
7193,0,1,1
7194,0,1,1
7195,1,0,1
7197,0,1,1
7198,0,8,8
7199,0,2,2
7201,10,0,10
7203,0,1,1
7204,3,0,3
7205,0,1,1
7206,0,1,1
7210,0,1,1
7211,0,1,1
7212,0,1,1
7214,55,0,55
7215,3,0,3
7217,0,1,1
7218,0,1,1
7219,0,1,1
7220,0,1,1
7221,0,1,1
7222,5,1,6
7223,0,1,1
7225,74,47,121
7226,0,4,4
7227,0,12,12
7228,0,7,7
7229,0,7,7
7230,0,4,4
7231,0,101,101
7232,0,1,1
7233,56,22,78
7234,0,1,1
7235,0,1,1
7236,0,23,23
7237,51,15,66
7238,42,9,51
7239,0,21,21
7240,0,1,1
7241,0,21,21
7243,11,1,12
7245,0,1,1
7246,8,0,8
7250,4,0,4
7251,0,1,1
7252,0,1,1
7253,0,4,4
7254,9,0,9
7255,0,1,1
7257,8,0,8
7260,0,3,3
7262,10,11,21
7265,0,1,1
7266,0,6,6
7267,0,1,1
7268,0,1,1
7269,0,1,1
7270,0,5,5
7271,0,3,3
7273,3,0,3
7276,0,5,5
7277,62,4,66
7278,0,4,4
7279,75,19,94
7280,63,89,152
7281,0,12,12
7282,0,2,2
7283,0,1,1
7284,0,2,2
7285,0,1,1
7286,0,1,1
7287,0,1,1
7289,9,0,9
7290,5,0,5
7291,0,1,1
7292,2,0,2
7293,0,4,4
7294,0,39,39
7295,51,13,64
7296,0,1,1
7297,1,0,1
7298,0,2,2
7299,0,1,1
7300,0,1,1
7301,68,27,95
7302,0,2,2
7304,11,0,11
7305,0,1,1
7306,18,0,18
7309,0,1,1
7310,0,1,1
7315,12,0,12
7316,5,0,5
7317,0,15,15
7318,3,0,3
7319,8,0,8
7320,0,1,1
7321,0,3,3
7323,11,0,11
7326,0,1,1
7327,0,6,6
7329,0,2,2
7330,0,2,2
7332,0,1,1
7333,0,1,1
7335,0,15,15
7336,0,1,1
7337,0,1,1
7341,27,2,29
7342,0,1,1
7343,0,12,12
7344,0,3,3
7345,0,1,1
7347,0,1,1
7348,0,2,2
7349,0,1,1
7350,0,21,21
7351,57,2,59
7352,0,15,15
7353,0,1,1
7354,0,4,4
7355,0,1,1
7357,0,9,9
7359,7,0,7
7360,0,1,1
7362,17,8,25
7363,0,1,1
7365,3,1,4
7371,0,2,2
7372,0,1,1
7373,45,0,45
7374,0,1,1
7376,0,4,4
7377,0,1,1
7378,57,38,95
7379,0,7,7
7380,0,3,3
7381,60,0,60
7382,0,1,1
7383,0,2,2
7386,54,25,79
7387,4,4,8
7389,30,2,32
7390,0,24,24
7391,46,52,98
7392,0,1,1
7393,15,12,27
7394,0,5,5
7397,16,0,16
7400,54,15,69
7401,0,3,3
7402,0,5,5
7403,0,1,1
7404,0,1,1
7405,0,18,18
7407,5,1,6
7409,0,10,10
7413,0,2,2
7414,95,0,95
7415,0,6,6
7416,0,1,1
7417,0,2,2
7418,0,2,2
7419,0,1,1
7420,0,1,1
7421,0,9,9
7422,35,0,35
7423,11,0,11
7424,0,4,4
7425,0,7,7
7426,0,2,2
7427,0,1,1
7428,0,2,2
7429,0,1,1
7430,0,1,1
7431,0,1,1
7434,7,0,7
7436,12,0,12
7439,7,0,7
7440,7,0,7
7441,0,3,3
7442,31,0,31
7443,47,10,57
7444,0,3,3
7445,0,1,1
7446,0,1,1
7447,0,1,1
7448,0,1,1
7449,12,39,51
7450,34,0,34
7451,0,1,1
7452,0,3,3
7453,0,1,1
7454,0,1,1
7455,0,4,4
7456,0,1,1
7457,0,1,1
7458,0,1,1
7459,0,1,1
7461,0,1,1
7462,0,1,1
7465,0,1,1
7466,0,1,1
7467,2,0,2
7468,0,1,1
7469,0,1,1
7470,0,1,1
7471,0,9,9
7472,0,1,1
7473,0,1,1
7474,0,1,1
7476,0,2,2
7477,0,1,1
7478,92,0,92
7480,0,1,1
7481,0,1,1
7482,0,1,1
7483,0,1,1
7484,0,3,3
7485,0,1,1
7486,0,1,1
7487,0,1,1
7490,3,27,30
7491,11,0,11
7492,0,3,3
7493,7,4,11
7494,0,1,1
7495,1,0,1
7497,30,0,30
7498,9,0,9
7501,0,1,1
7502,0,3,3
7503,0,1,1
7505,0,1,1
7506,1,0,1
7508,4,0,4
7509,0,1,1
7510,60,0,60
7511,0,16,16
7512,29,0,29
7513,0,1,1
7514,0,3,3
7515,0,1,1
7517,20,2,22
7518,0,3,3
7520,7,3,10
7522,0,1,1
7523,0,1,1
7524,0,1,1
7525,0,1,1
7527,0,1,1
7528,0,1,1
7529,42,0,42
7531,0,1,1
7533,5,0,5
7534,2,0,2
7535,0,1,1
7536,0,1,1
7537,0,1,1
7538,0,1,1
7540,0,1,1
7544,46,11,57
7545,0,1,1
7546,0,3,3
7549,0,2,2
7550,0,1,1
7553,190,0,190
7554,0,3,3
7557,13,0,13
7561,51,0,51
7563,0,1,1
7564,0,31,31
7565,0,3,3
7567,8,0,8
7569,0,4,4
7570,0,3,3
7571,0,1,1
7572,0,1,1
7574,19,0,19
7576,0,1,1
7577,0,1,1
7578,0,28,28
7579,0,9,9
7580,0,19,19
7581,0,1,1
7583,4,0,4
7585,0,1,1
7586,0,7,7
7587,93,0,93
7588,17,8,25
7590,3,0,3
7593,12,3,15
7594,0,4,4
7595,0,1,1
7597,0,4,4
7598,0,33,33
7599,0,1,1
7600,0,1,1
7601,0,3,3
7602,0,1,1
7604,12,0,12
7605,0,3,3
7608,0,2,2
7609,0,2,2
7610,0,1,1
7611,0,1,1
7613,0,1,1
7614,0,39,39
7615,0,1,1
7616,0,1,1
7617,0,1,1
7618,47,3,50
7619,0,1,1
7620,208,0,208
7623,0,3,3
7624,58,0,58
7625,0,6,6
7626,0,1,1
7629,0,1,1
7630,0,1,1
7632,178,0,178
7634,7,1,8
7636,1,0,1
7637,0,1,1
7638,0,1,1
7639,0,1,1
7642,12,1,13
7644,0,1,1
7645,0,1,1
7646,39,0,39
7647,25,4,29
7648,9,1,10
7649,58,10,68
7650,0,2,2
7651,51,0,51
7652,11,0,11
7653,7,1,8
7658,7,0,7
7659,0,6,6
7660,0,1,1
7661,0,4,4
7662,63,0,63
7663,0,1,1
7664,0,1,1
7665,0,6,6
7666,18,14,32
7668,8,0,8
7669,7,0,7
7670,0,1,1
7672,1,0,1
7673,9,0,9
7675,5,25,30
7676,0,5,5
7677,0,12,12
7678,0,2,2
7679,0,26,26
7682,0,36,36
7683,43,0,43
7684,0,2,2
7685,0,13,13
7686,0,2,2
7687,0,3,3
7688,14,0,14
7690,1,0,1
7691,7,19,26
7694,39,0,39
7695,39,3,42
7696,0,4,4
7697,0,19,19
7698,0,1,1
7699,79,0,79
7701,15,3,18
7703,0,2,2
7704,0,1,1
7705,0,1,1
7706,0,2,2
7707,47,0,47
7708,1,0,1
7715,0,1,1
7716,0,2,2
7717,0,2,2
7719,0,4,4
7720,0,1,1
7721,0,1,1
7724,0,2,2
7726,43,3,46
7727,0,30,30
7728,0,2,2
7729,0,1,1
7730,6,0,6
7732,0,1,1
7733,0,45,45
7734,6,0,6
7735,3,0,3
7736,0,2,2
7737,0,1,1
7738,0,6,6
7740,10,1,11
7741,0,4,4
7742,0,1,1
7743,0,13,13
7744,0,50,50
7745,0,1,1
7747,0,8,8
7750,0,2,2
7751,0,1,1
7752,0,2,2
7753,0,2,2
7754,0,1,1
7755,0,13,13
7756,0,2,2
7757,53,0,53
7758,0,1,1
7759,0,4,4
7760,0,1,1
7761,0,1,1
7762,0,1,1
7763,57,0,57
7765,2,0,2
7766,0,13,13
7767,0,2,2
7768,0,11,11
7769,0,19,19
7770,0,2,2
7771,0,3,3
7772,0,20,20
7773,0,1,1
7774,0,35,35
7775,0,11,11
7777,0,1,1
7778,34,0,34
7779,0,2,2
7780,0,3,3
7781,0,1,1
7782,0,1,1
7783,0,1,1
7788,44,0,44
7789,0,1,1
7790,0,4,4
7791,19,4,23
7792,0,7,7
7795,54,0,54
7796,0,1,1
7797,1,0,1
7799,5,0,5
7800,0,1,1
7801,0,1,1
7802,0,1,1
7803,54,0,54
7804,0,1,1
7805,0,1,1
7806,0,2,2
7808,0,12,12
7809,124,0,124
7810,51,9,60
7812,0,6,6
7813,39,0,39
7814,0,1,1
7815,0,2,2
7818,0,23,23
7819,11,0,11
7821,0,1,1
7822,0,1,1
7826,0,1,1
7827,0,1,1
7828,0,1,1
7829,0,4,4
7830,0,1,1
7831,0,2,2
7832,0,1,1
7833,54,4,58
7834,0,1,1
7835,41,3,44
7836,0,1,1
7837,0,2,2
7839,69,0,69
7840,4,0,4
7841,0,1,1
7842,0,2,2
7843,0,2,2
7844,0,1,1
7845,0,2,2
7848,0,1,1
7849,0,1,1
7850,0,1,1
7851,0,1,1
7852,0,1,1
7853,0,2,2
7854,0,1,1
7855,52,0,52
7856,0,7,7
7857,8,0,8
7860,40,2,42
7861,0,2,2
7862,53,11,64
7863,0,1,1
7864,0,2,2
7865,0,24,24
7866,0,1,1
7867,0,1,1
7868,0,1,1
7869,0,1,1
7870,0,1,1
7871,47,0,47
7873,0,6,6
7874,17,4,21
7875,0,2,2
7877,0,6,6
7878,0,1,1
7879,35,0,35
7881,2,0,2
7882,41,11,52
7883,0,1,1
7884,0,5,5
7885,0,6,6
7886,0,1,1
7887,0,1,1
7888,0,1,1
7889,0,1,1
7890,74,0,74
7891,0,1,1
7892,0,1,1
7893,0,2,2
7894,0,1,1
7899,10,0,10
7900,0,27,27
7901,0,30,30
7902,0,21,21
7903,0,4,4
7904,0,6,6
7905,0,1,1
7906,0,10,10
7907,0,12,12
7908,85,0,85
7909,2,0,2
7910,54,4,58
7911,0,1,1
7912,39,0,39
7913,5,0,5
7914,0,1,1
7915,0,1,1
7916,0,2,2
7919,0,3,3
7920,0,1,1
7921,24,0,24
7922,0,1,1
7923,0,1,1
7924,63,2,65
7925,0,1,1
7927,46,0,46
7928,18,3,21
7929,0,4,4
7930,0,1,1
7931,0,2,2
7932,0,2,2
7933,0,4,4
7934,0,1,1
7935,0,1,1
7937,0,1,1
7938,0,2,2
7939,0,1,1
7940,0,1,1
7941,0,1,1
7942,0,1,1
7944,0,1,1
7945,0,5,5
7946,36,0,36
7948,0,2,2
7949,0,1,1
7950,0,1,1
7952,9,0,9
7953,0,1,1
7954,0,1,1
7955,0,1,1
7956,0,1,1
7957,1,0,1
7959,0,1,1
7960,0,1,1
7961,84,0,84
7964,0,11,11
7965,34,0,34
7966,0,1,1
7967,0,4,4
7968,0,3,3
7969,0,2,2
7970,0,1,1
7972,0,1,1
7973,1,0,1
7974,0,1,1
7975,0,1,1
7976,0,1,1
7978,0,1,1
7979,48,0,48
7980,0,15,15
7981,0,1,1
7982,1,0,1
7985,0,1,1
7986,1,0,1
7991,2,0,2
7992,44,0,44
7993,0,2,2
7994,10,0,10
7995,0,1,1
7996,11,0,11
7998,0,1,1
7999,0,1,1
8000,0,1,1
8001,0,1,1
8002,30,0,30
8005,0,2,2
8006,0,1,1
8007,5,0,5
8009,0,1,1
8010,0,2,2
8011,0,1,1
8012,0,7,7
8013,0,1,1
8014,0,1,1
8015,1,0,1
8019,8,0,8
8020,0,1,1
8021,2,1,3
8023,0,1,1
8024,6,0,6
8025,4,0,4
8027,0,1,1
8028,4,0,4
8033,5,0,5
8035,0,1,1
8036,0,19,19
8037,31,1,32
8038,4,0,4
8040,0,1,1
8041,0,3,3
8042,55,1,56
8043,5,0,5
8044,32,0,32
8045,0,7,7
8046,0,16,16
8047,0,20,20
8048,0,3,3
8049,0,1,1
8050,6,9,15
8051,44,8,52
8052,0,1,1
8053,0,20,20
8054,0,2,2
8055,0,1,1
8056,0,1,1
8057,0,1,1
8058,2,0,2
8060,0,5,5
8061,0,5,5
8062,0,1,1
8063,0,3,3
8064,0,1,1
8065,0,1,1
8066,0,3,3
8068,4,0,4
8069,0,4,4
8070,0,1,1
8071,0,1,1
8072,0,1,1
8073,22,0,22
8074,0,1,1
8075,0,1,1
8076,2,0,2
8077,0,2,2
8079,9,0,9
8080,0,1,1
8081,0,1,1
8083,40,0,40
8084,0,1,1
8085,0,16,16
8086,0,1,1
8087,0,1,1
8088,0,2,2
8089,1,0,1
8090,8,0,8
8091,0,1,1
8092,0,5,5
8093,0,1,1
8094,0,4,4
8095,0,1,1
8096,0,1,1
8097,0,2,2
8098,0,1,1
8099,0,1,1
8100,0,1,1
8101,0,1,1
8102,0,1,1
8103,0,1,1
8104,0,1,1
8105,0,1,1
8106,0,1,1
8107,0,13,13
8108,0,1,1
8109,0,1,1
8110,0,1,1
8111,0,2,2
8112,0,2,2
8114,0,1,1
8115,0,1,1
8118,0,1,1
8119,0,1,1
8120,0,1,1
8121,53,0,53
8122,26,0,26
8124,26,0,26
8126,0,1,1
8128,40,0,40
8130,8,0,8
8131,0,2,2
8132,14,0,14
8133,0,1,1
8134,59,1,60
8135,0,1,1
8136,0,1,1
8137,0,1,1
8138,0,1,1
8139,4,0,4
8140,0,1,1
8141,44,0,44
8142,0,1,1
8144,0,1,1
8145,0,2,2
8146,0,2,2
8147,0,1,1
8148,12,0,12
8149,5,0,5
8150,0,2,2
8152,0,10,10
8153,0,1,1
8155,0,1,1
8156,0,5,5
8157,0,2,2
8158,0,1,1
8159,0,1,1
8161,0,1,1
8162,0,9,9
8163,43,0,43
8165,1,0,1
8166,0,1,1
8167,0,1,1
8168,48,0,48
8169,14,0,14
8170,0,1,1
8171,0,3,3
8172,0,1,1
8173,0,7,7
8174,80,0,80
8175,1,0,1
8177,0,1,1
8178,54,0,54
8179,0,1,1
8180,0,1,1
8181,0,1,1
8182,0,1,1
8183,0,1,1
8184,0,1,1
8186,7,0,7
8187,0,1,1
8189,0,4,4
8190,0,4,4
8192,71,0,71
8193,0,2,2
8194,0,1,1
8195,0,1,1
8196,0,1,1
8197,0,1,1
8198,35,0,35
8199,0,1,1
8202,0,1,1
8203,0,1,1
8204,8,2,10
8205,0,1,1
8206,0,1,1
8209,37,0,37
8211,0,11,11
8212,49,0,49
8213,0,1,1
8214,0,1,1
8215,0,1,1
8216,0,1,1
8219,42,0,42
8221,0,1,1
8222,0,6,6
8224,48,0,48
8225,7,0,7
8226,9,0,9
8227,2,1,3
8229,0,1,1
8231,0,1,1
8232,0,1,1
8233,0,1,1
8235,10,0,10
8236,0,1,1
8237,33,0,33
8238,0,1,1
8241,0,2,2
8242,0,1,1
8243,0,6,6
8244,0,1,1
8245,0,1,1
8246,14,0,14
8248,0,1,1
8249,39,0,39
8251,0,1,1
8252,0,1,1
8253,0,1,1
8254,0,1,1
8255,0,1,1
8256,0,1,1
8260,0,1,1
8261,0,1,1
8262,0,1,1
8263,7,2,9
8264,0,1,1
8265,0,1,1
8266,0,1,1
8270,0,2,2
8271,2,1,3
8272,0,1,1
8273,0,1,1
8274,0,1,1
8275,12,0,12
8276,9,0,9
8277,4,0,4
8282,11,0,11
8283,10,0,10
8284,10,0,10
8285,7,0,7
8286,3,0,3
8287,42,0,42
8288,14,0,14
8289,4,0,4
8290,101,0,101
8291,71,0,71
8292,41,0,41
8293,164,0,164
8294,105,0,105
8295,118,0,118
8296,14,0,14
8297,42,0,42
