origem,destino
11,29
11,56
11,72
11,127
11,204
11,214
11,285
11,306
11,313
11,465
11,637
11,722
11,762
11,765
11,825
11,1055
11,1154
11,1167
11,1185
11,1191
11,1211
11,1239
11,1259
11,1297
11,1305
11,1307
11,1310
11,1319
11,1360
11,1374
11,1384
11,1385
11,1437
11,1487
11,1549
11,1583
11,1608
11,1621
11,1622
11,1633
11,1637
11,1646
11,1653
11,1661
11,1679
11,1680
11,1688
11,1700
11,1706
11,1729
11,1769
11,1919
11,1956
11,1990
11,2014
11,2066
11,2109
11,2114
11,2134
11,2144
11,2145
11,2210
11,2237
11,2240
11,2252
11,2257
11,2289
11,2328
11,2364
11,2381
11,2384
11,2410
11,2411
11,2426
11,2456
11,2470
11,2485
11,2506
11,2508
11,2517
11,2535
11,2544
11,2565
11,2585
11,2593
11,2595
11,2612
11,2625
11,2646
11,2653
11,2655
11,2657
11,2686
11,2696
11,2727
11,2746
11,2754
11,2763
11,2775
11,2777
11,2787
11,2794
11,2811
11,2859
11,2871
14,56
14,127
14,214
14,1259
14,1307
14,1385
14,2016
14,2066
14,2134
14,2384
14,2470
14,2565
14,2595
14,2653
20,56
20,214
20,306
20,425
20,465
20,722
20,765
20,1055
20,1167
20,1211
20,1307
20,1374
20,1680
20,1919
20,2134
20,2324
20,2411
20,2517
20,2565
20,2693
20,2775
20,2777
20,2828
20,2877
29,56
29,127
29,214
29,313
29,722
29,840
29,938
29,1026
29,1297
29,1307
29,1548
29,1549
29,2252
29,2565
47,56
47,72
47,127
47,214
47,290
47,1211
47,1297
47,1307
47,1723
47,1956
47,2066
47,2240
47,2398
47,2470
47,2485
47,2506
47,2565
47,2754
47,2777
47,2871
56,214
56,762
56,1211
56,1549
56,2323
56,2651
68,56
68,72
68,127
68,290
68,465
68,762
68,825
68,1026
68,1157
68,1239
68,1374
68,1437
68,1498
68,1549
68,1633
68,1637
68,1646
68,1680
68,1688
68,1706
68,1792
68,1919
68,2066
68,2102
68,2134
68,2160
68,2174
68,2209
68,2237
68,2264
68,2307
68,2325
68,2328
68,2338
68,2354
68,2371
68,2535
68,2565
68,2576
68,2593
68,2597
68,2612
68,2653
68,2654
68,2697
68,2708
68,2764
68,2775
68,2809
68,2814
68,2859
68,2871
68,2877
72,56
72,204
72,313
72,637
72,762
72,1026
72,1211
72,1310
72,1319
72,1549
72,1621
72,1622
72,1637
72,1982
72,2066
72,2398
72,2535
72,2565
72,2775
87,29
87,56
87,72
87,204
87,290
87,313
87,737
87,762
87,765
87,1026
87,1055
87,1297
87,1307
87,1549
87,1956
87,2053
87,2066
87,2256
87,2264
87,2354
87,2398
87,2456
87,2535
87,2565
87,2576
87,2623
87,2754
87,2764
87,2790
99,1498
99,2565
122,204
122,403
122,417
122,465
122,737
122,765
122,825
122,856
122,974
122,1026
122,1166
122,1239
122,1247
122,1291
122,1297
122,1385
122,1393
122,1419
122,1549
122,1637
122,1653
122,1723
122,1729
122,1777
122,1792
122,1990
122,2014
122,2066
122,2102
122,2120
122,2135
122,2145
122,2209
122,2237
122,2240
122,2252
122,2256
122,2257
122,2289
122,2322
122,2354
122,2371
122,2375
122,2381
122,2384
122,2398
122,2411
122,2456
122,2474
122,2485
122,2506
122,2508
122,2516
122,2517
122,2542
122,2565
122,2585
122,2597
122,2623
122,2625
122,2646
122,2651
122,2653
122,2654
122,2657
122,2660
122,2667
122,2693
122,2697
122,2700
122,2747
122,2768
122,2799
122,2805
122,2809
122,2811
122,2828
122,2834
127,204
127,290
127,346
127,417
127,737
127,762
127,974
127,1026
127,1100
127,1157
127,1267
127,1297
127,1385
127,1744
127,1918
127,1956
127,2066
127,2145
127,2237
127,2252
127,2290
127,2323
127,2411
127,2565
127,2576
127,2625
127,2652
127,2654
127,2687
127,2747
127,2754
127,2790
127,2811
127,2877
155,214
155,2398
166,204
166,214
166,290
166,417
166,465
166,1157
166,1211
166,1297
166,1307
166,1493
166,1705
166,1935
166,1956
166,1990
166,2066
166,2398
166,2411
166,2565
166,2877
204,214
204,1608
285,2517
290,204
290,214
290,633
290,765
290,974
290,1211
290,1297
290,1305
290,1622
290,1706
290,1734
290,1754
290,1918
290,1956
290,2135
290,2210
290,2225
290,2356
290,2411
290,2474
290,2508
290,2654
290,2697
290,2708
290,2871
306,29
306,204
306,311
306,313
306,417
306,637
306,722
306,762
306,765
306,938
306,974
306,1026
306,1157
306,1166
306,1167
306,1297
306,1385
306,1633
306,1646
306,1700
306,1935
306,2066
306,2114
306,2144
306,2145
306,2209
306,2240
306,2257
306,2324
306,2328
306,2485
306,2510
306,2544
306,2565
306,2576
306,2646
306,2653
306,2654
306,2657
306,2660
306,2686
306,2693
306,2727
306,2747
306,2754
306,2790
306,2859
311,29
311,56
311,72
311,313
311,465
311,637
311,722
311,762
311,765
311,784
311,1026
311,1055
311,1166
311,1167
311,1211
311,1297
311,1319
311,1357
311,1374
311,1385
311,1419
311,1487
311,1549
311,1583
311,1608
311,1622
311,1633
311,1700
311,1729
311,1734
311,1754
311,1769
311,1814
311,1919
311,1956
311,2102
311,2109
311,2120
311,2145
311,2210
311,2225
311,2257
311,2297
311,2322
311,2323
311,2381
311,2456
311,2485
311,2535
311,2542
311,2560
311,2565
311,2605
311,2625
311,2654
311,2655
311,2660
311,2708
311,2763
311,2775
311,2790
311,2809
311,2830
311,2871
313,29
313,56
313,290
313,762
313,974
313,1026
313,1211
313,1297
313,1549
313,1918
313,2386
313,2411
313,2565
313,2763
313,2790
313,2838
313,2871
346,214
346,290
346,403
346,417
346,762
346,765
346,938
346,974
346,1157
346,1166
346,1297
346,1744
346,1777
346,1915
346,2144
346,2251
346,2252
346,2323
346,2325
346,2326
346,2375
346,2411
346,2416
346,2721
346,2724
346,2747
346,2805
346,2828
346,2838
346,2859
403,425
403,974
403,1166
403,1211
403,1705
403,1744
403,2053
403,2144
403,2264
403,2416
403,2599
403,2814
403,2834
417,974
417,1297
417,2066
425,204
425,285
425,1493
425,1549
425,1777
425,1982
425,2160
425,2231
425,2433
425,2560
425,2565
425,2576
425,2700
425,2708
425,2877
425,2880
457,56
457,72
457,155
457,290
457,311
457,633
457,722
457,737
457,762
457,856
457,1026
457,1055
457,1157
457,1167
457,1211
457,1247
457,1297
457,1310
457,1319
457,1357
457,1374
457,1385
457,1416
457,1487
457,1493
457,1549
457,1596
457,1622
457,1633
457,1679
457,1680
457,1705
457,1729
457,1734
457,1754
457,1799
457,1814
457,1915
457,1918
457,1982
457,1990
457,2120
457,2144
457,2145
457,2160
457,2209
457,2225
457,2237
457,2240
457,2252
457,2289
457,2324
457,2328
457,2354
457,2356
457,2364
457,2398
457,2411
457,2416
457,2433
457,2456
457,2511
457,2516
457,2517
457,2535
457,2565
457,2576
457,2605
457,2612
457,2625
457,2651
457,2653
457,2654
457,2687
457,2689
457,2693
457,2696
457,2708
457,2727
457,2746
457,2763
457,2764
457,2768
457,2775
457,2785
457,2811
457,2822
457,2831
457,2851
457,2859
457,2871
457,2877
465,1307
465,2508
633,306
633,311
633,313
633,1026
633,2474
634,214
634,290
634,417
634,737
634,813
634,938
634,1157
634,1297
634,1319
634,1357
634,1385
634,1403
634,1688
634,1723
634,1744
634,2225
634,2289
634,2328
634,2485
634,2542
634,2565
634,2625
634,2653
634,2654
634,2831
634,2851
634,2871
637,311
637,762
637,1026
637,2237
637,2517
637,2565
637,2651
722,72
722,204
722,214
722,290
722,346
722,403
722,637
722,737
722,762
722,765
722,784
722,813
722,825
722,827
722,856
722,974
722,1026
722,1154
722,1157
722,1166
722,1167
722,1211
722,1267
722,1291
722,1297
722,1307
722,1357
722,1374
722,1385
722,1596
722,1612
722,1633
722,1637
722,1646
722,1705
722,1734
722,1744
722,1754
722,1777
722,1918
722,1956
722,2053
722,2066
722,2102
722,2120
722,2145
722,2237
722,2251
722,2252
722,2256
722,2326
722,2375
722,2398
722,2410
722,2411
722,2416
722,2470
722,2501
722,2565
722,2576
722,2625
722,2647
722,2651
722,2653
722,2654
722,2662
722,2697
722,2707
722,2721
722,2727
722,2754
722,2775
722,2777
722,2785
722,2787
722,2790
722,2794
722,2799
722,2825
722,2830
722,2838
722,2856
722,2877
722,2880
737,840
737,938
737,1403
737,1493
737,1823
737,1865
737,1982
737,2381
737,2433
737,2565
737,2851
762,1026
762,1191
762,1211
762,2066
762,2508
762,2651
762,2790
766,72
766,155
766,204
766,285
766,346
766,403
766,417
766,633
766,722
766,737
766,762
766,765
766,825
766,856
766,967
766,974
766,1024
766,1026
766,1100
766,1157
766,1166
766,1167
766,1185
766,1191
766,1211
766,1239
766,1247
766,1267
766,1291
766,1305
766,1307
766,1310
766,1357
766,1360
766,1384
766,1385
766,1393
766,1403
766,1416
766,1419
766,1437
766,1571
766,1608
766,1621
766,1622
766,1633
766,1646
766,1653
766,1680
766,1688
766,1705
766,1706
766,1723
766,1734
766,1754
766,1769
766,1777
766,1781
766,1799
766,1808
766,1814
766,1915
766,1918
766,1919
766,1935
766,1956
766,1982
766,1990
766,2014
766,2016
766,2066
766,2102
766,2114
766,2116
766,2120
766,2134
766,2135
766,2144
766,2145
766,2174
766,2209
766,2225
766,2231
766,2237
766,2240
766,2251
766,2252
766,2256
766,2257
766,2258
766,2264
766,2290
766,2297
766,2307
766,2322
766,2324
766,2325
766,2328
766,2338
766,2354
766,2356
766,2364
766,2371
766,2375
766,2381
766,2384
766,2398
766,2410
766,2433
766,2456
766,2474
766,2485
766,2506
766,2510
766,2511
766,2516
766,2517
766,2535
766,2542
766,2544
766,2547
766,2550
766,2560
766,2565
766,2576
766,2592
766,2593
766,2594
766,2597
766,2599
766,2605
766,2617
766,2623
766,2625
766,2646
766,2653
766,2654
766,2658
766,2660
766,2662
766,2667
766,2674
766,2689
766,2693
766,2696
766,2697
766,2700
766,2707
766,2713
766,2721
766,2747
766,2754
766,2763
766,2764
766,2775
766,2785
766,2787
766,2790
766,2794
766,2805
766,2809
766,2811
766,2814
766,2815
766,2819
766,2822
766,2828
766,2830
766,2831
766,2834
766,2851
766,2856
766,2859
766,2871
784,56
784,204
784,214
784,290
784,311
784,346
784,417
784,425
784,762
784,765
784,856
784,974
784,1166
784,1211
784,1259
784,1297
784,1360
784,1384
784,1385
784,1549
784,1622
784,1633
784,1679
784,1688
784,1706
784,1729
784,1769
784,1792
784,1814
784,1918
784,1919
784,2053
784,2066
784,2120
784,2135
784,2144
784,2145
784,2174
784,2225
784,2237
784,2256
784,2257
784,2290
784,2297
784,2323
784,2325
784,2328
784,2338
784,2356
784,2381
784,2398
784,2411
784,2416
784,2456
784,2470
784,2508
784,2535
784,2565
784,2576
784,2594
784,2597
784,2617
784,2625
784,2651
784,2653
784,2654
784,2660
784,2693
784,2727
784,2746
784,2747
784,2754
784,2763
784,2815
784,2830
784,2859
784,2877
813,72
813,204
813,722
813,762
813,825
813,974
813,1055
813,1157
813,1166
813,1167
813,1211
813,1239
813,1267
813,1291
813,1297
813,1315
813,1319
813,1357
813,1360
813,1374
813,1384
813,1385
813,1419
813,1437
813,1549
813,1571
813,1608
813,1646
813,1653
813,1661
813,1705
813,1723
813,1734
813,1744
813,1754
813,1808
813,1915
813,1919
813,1990
813,2016
813,2066
813,2134
813,2144
813,2174
813,2209
813,2210
813,2251
813,2252
813,2264
813,2290
813,2297
813,2322
813,2323
813,2324
813,2328
813,2354
813,2371
813,2375
813,2384
813,2410
813,2411
813,2470
813,2485
813,2506
813,2510
813,2542
813,2544
813,2560
813,2565
813,2593
813,2595
813,2597
813,2653
813,2654
813,2655
813,2660
813,2674
813,2687
813,2693
813,2696
813,2707
813,2727
813,2747
813,2763
813,2790
813,2815
813,2819
813,2859
813,2871
825,72
825,417
825,465
825,737
825,827
825,1026
825,1166
825,1307
825,1310
825,1549
825,1680
825,1706
825,1754
825,1769
825,1823
825,2066
825,2102
825,2145
825,2209
825,2237
825,2252
825,2290
825,2328
825,2398
825,2411
825,2416
825,2456
825,2485
825,2508
825,2516
825,2576
825,2585
825,2625
825,2653
825,2660
825,2667
825,2674
825,2686
825,2700
825,2790
825,2794
825,2799
825,2871
854,72
854,762
854,1211
854,1297
854,1319
854,1384
854,1385
854,1416
854,1437
854,1549
854,1596
854,1637
854,1679
854,2135
854,2145
854,2251
854,2297
854,2411
854,2426
854,2470
854,2565
854,2651
854,2660
854,2825
854,2828
854,2880
856,825
856,1305
856,1307
856,1374
856,1596
856,1679
856,1814
856,2210
856,2231
856,2252
856,2328
856,2338
856,2411
856,2508
856,2535
856,2542
856,2565
856,2594
856,2651
856,2660
856,2662
856,2674
856,2686
856,2693
856,2700
856,2713
856,2747
856,2754
856,2815
856,2831
879,737
879,825
879,1166
879,1297
879,1305
879,1549
879,1744
879,1919
879,1990
879,2144
879,2209
879,2237
879,2240
879,2257
879,2297
879,2328
879,2364
879,2381
879,2398
879,2508
879,2517
879,2565
879,2585
879,2612
879,2646
879,2653
879,2655
879,2657
879,2674
879,2746
879,2811
879,2859
879,2871
974,204
974,417
974,762
974,1166
974,1297
974,1385
974,2144
974,2209
974,2237
974,2240
974,2289
974,2328
974,2654
974,2667
974,2747
974,2871
988,204
988,290
988,417
988,465
988,633
988,722
988,737
988,762
988,856
988,974
988,1100
988,1157
988,1166
988,1185
988,1267
988,1291
988,1297
988,1305
988,1307
988,1357
988,1393
988,1416
988,1437
988,1549
988,1571
988,1608
988,1633
988,1679
988,1688
988,1700
988,1706
988,1734
988,1744
988,1754
988,1769
988,1777
988,1781
988,1792
988,1814
988,1919
988,1982
988,2016
988,2066
988,2114
988,2116
988,2120
988,2134
988,2135
988,2145
988,2209
988,2210
988,2225
988,2231
988,2237
988,2240
988,2251
988,2252
988,2256
988,2257
988,2290
988,2297
988,2322
988,2323
988,2324
988,2325
988,2328
988,2338
988,2356
988,2371
988,2411
988,2416
988,2474
988,2485
988,2510
988,2517
988,2535
988,2542
988,2544
988,2550
988,2565
988,2576
988,2585
988,2593
988,2594
988,2595
988,2597
988,2612
988,2617
988,2623
988,2625
988,2646
988,2651
988,2653
988,2654
988,2655
988,2657
988,2660
988,2662
988,2667
988,2674
988,2686
988,2693
988,2697
988,2700
988,2708
988,2713
988,2727
988,2746
988,2747
988,2754
988,2799
988,2819
988,2830
988,2856
1024,290
1024,425
1024,825
1024,1026
1024,1291
1024,1305
1024,1307
1024,1549
1024,1637
1024,2264
1024,2384
1024,2506
1024,2625
1024,2657
1024,2696
1024,2785
1024,2805
1024,2828
1024,2830
1050,1154
1050,1357
1050,1549
1050,2053
1050,2210
1050,2264
1050,2398
1050,2565
1050,2617
1050,2651
1050,2708
1050,2777
1055,56
1055,204
1055,214
1055,290
1055,417
1055,737
1055,762
1055,1157
1055,1211
1055,1247
1055,1297
1055,1360
1055,1437
1055,1493
1055,1549
1055,1622
1055,1633
1055,1661
1055,1679
1055,1700
1055,1744
1055,1823
1055,1918
1055,1935
1055,1956
1055,1982
1055,1990
1055,2144
1055,2323
1055,2328
1055,2398
1055,2411
1055,2416
1055,2535
1055,2565
1055,2576
1055,2625
1055,2654
1055,2747
1055,2775
1055,2790
1055,2877
1098,56
1098,285
1098,722
1098,967
1098,1026
1098,1166
1098,1291
1098,1315
1098,1357
1098,1419
1098,1549
1098,1583
1098,1608
1098,1633
1098,1646
1098,1653
1098,1700
1098,1734
1098,1754
1098,1781
1098,1808
1098,1814
1098,1919
1098,1956
1098,1982
1098,2016
1098,2066
1098,2102
1098,2109
1098,2114
1098,2120
1098,2174
1098,2225
1098,2240
1098,2251
1098,2256
1098,2264
1098,2297
1098,2322
1098,2338
1098,2375
1098,2410
1098,2474
1098,2542
1098,2560
1098,2565
1098,2576
1098,2585
1098,2593
1098,2594
1098,2625
1098,2651
1098,2654
1098,2658
1098,2697
1098,2707
1098,2721
1098,2785
1098,2794
1098,2805
1098,2814
1098,2828
1098,2851
1100,2657
1154,2770
1166,56
1166,72
1166,204
1166,214
1166,285
1166,290
1166,346
1166,403
1166,417
1166,633
1166,737
1166,762
1166,765
1166,825
1166,840
1166,856
1166,1157
1166,1185
1166,1211
1166,1291
1166,1297
1166,1305
1166,1307
1166,1315
1166,1357
1166,1374
1166,1384
1166,1385
1166,1393
1166,1416
1166,1419
1166,1437
1166,1548
1166,1549
1166,1571
1166,1622
1166,1633
1166,1637
1166,1653
1166,1679
1166,1680
1166,1688
1166,1705
1166,1734
1166,1744
1166,1754
1166,1781
1166,1799
1166,1814
1166,1823
1166,1919
1166,1956
1166,1982
1166,1990
1166,2014
1166,2053
1166,2066
1166,2102
1166,2109
1166,2114
1166,2120
1166,2129
1166,2134
1166,2135
1166,2145
1166,2174
1166,2209
1166,2210
1166,2223
1166,2225
1166,2231
1166,2237
1166,2240
1166,2251
1166,2256
1166,2257
1166,2258
1166,2264
1166,2289
1166,2290
1166,2297
1166,2322
1166,2323
1166,2324
1166,2328
1166,2338
1166,2354
1166,2364
1166,2371
1166,2375
1166,2381
1166,2384
1166,2398
1166,2411
1166,2416
1166,2433
1166,2470
1166,2474
1166,2485
1166,2501
1166,2508
1166,2510
1166,2516
1166,2517
1166,2535
1166,2542
1166,2550
1166,2565
1166,2576
1166,2593
1166,2594
1166,2597
1166,2623
1166,2625
1166,2646
1166,2651
1166,2653
1166,2654
1166,2658
1166,2660
1166,2662
1166,2674
1166,2686
1166,2693
1166,2700
1166,2708
1166,2721
1166,2724
1166,2747
1166,2754
1166,2763
1166,2775
1166,2785
1166,2787
1166,2790
1166,2794
1166,2811
1166,2819
1166,2828
1166,2830
1166,2834
1166,2838
1166,2856
1166,2871
1166,2877
1166,2880
1167,56
1167,290
1167,762
1167,1211
1167,1357
1167,1487
1167,1498
1167,1608
1167,1612
1167,1633
1167,1661
1167,1754
1167,1956
1167,2114
1167,2210
1167,2225
1167,2256
1167,2322
1167,2323
1167,2411
1167,2470
1167,2565
1167,2585
1167,2625
1167,2647
1167,2651
1167,2662
1167,2686
1167,2754
1167,2770
1167,2834
1167,2838
1167,2877
1167,2880
1185,56
1185,762
1185,1167
1185,1633
1185,2237
1198,285
1198,2565
1198,2593
1210,56
1210,72
1210,204
1210,403
1210,633
1210,722
1210,737
1210,762
1210,765
1210,840
1210,1166
1210,1185
1210,1297
1210,1319
1210,1357
1210,1374
1210,1384
1210,1393
1210,1416
1210,1549
1210,1608
1210,1744
1210,1754
1210,1777
1210,1792
1210,1814
1210,1919
1210,2066
1210,2109
1210,2120
1210,2135
1210,2210
1210,2240
1210,2297
1210,2322
1210,2324
1210,2364
1210,2398
1210,2411
1210,2470
1210,2508
1210,2510
1210,2516
1210,2535
1210,2565
1210,2593
1210,2625
1210,2654
1210,2657
1210,2660
1210,2697
1210,2713
1210,2785
1210,2805
1210,2834
1210,2851
1211,285
1211,290
1211,762
1211,1267
1211,1661
1211,1680
1211,1705
1211,1808
1211,1814
1211,1956
1211,2066
1211,2174
1211,2225
1211,2328
1211,2474
1211,2508
1211,2535
1211,2653
1211,2763
1211,2877
1247,204
1247,425
1247,633
1247,762
1247,765
1247,1166
1247,1167
1247,1297
1247,1319
1247,1357
1247,1374
1247,1385
1247,1633
1247,1754
1247,2145
1247,2251
1247,2257
1247,2324
1247,2328
1247,2398
1247,2625
1247,2657
1247,2775
1247,2871
1259,1166
1259,1297
1259,1571
1259,1633
1259,2209
1259,2338
1259,2411
1259,2542
1259,2565
1259,2623
1259,2657
1259,2660
1259,2693
1259,2727
1259,2790
1259,2828
1267,722
1267,1211
1267,1259
1267,1319
1267,1357
1267,1608
1267,1700
1267,2014
1267,2016
1267,2135
1267,2251
1267,2371
1267,2560
1267,2660
1267,2707
1267,2746
1267,2819
1267,2831
1267,2856
1291,1357
1291,1549
1291,1814
1291,2102
1291,2251
1291,2256
1291,2297
1291,2474
1291,2485
1291,2594
1291,2815
1297,204
1297,290
1297,417
1297,465
1297,762
1297,974
1297,1166
1297,1211
1297,1633
1297,1679
1297,1705
1297,1918
1297,2053
1297,2145
1297,2210
1297,2256
1297,2297
1297,2322
1297,2323
1297,2398
1297,2411
1297,2474
1297,2508
1297,2517
1297,2535
1297,2576
1297,2585
1297,2647
1297,2653
1297,2697
1297,2727
1297,2877
1305,56
1305,204
1305,214
1305,290
1305,403
1305,425
1305,633
1305,762
1305,765
1305,813
1305,825
1305,856
1305,1100
1305,1154
1305,1157
1305,1166
1305,1167
1305,1211
1305,1239
1305,1291
1305,1297
1305,1315
1305,1357
1305,1393
1305,1403
1305,1416
1305,1419
1305,1498
1305,1571
1305,1596
1305,1608
1305,1633
1305,1637
1305,1646
1305,1653
1305,1679
1305,1723
1305,1734
1305,1754
1305,1769
1305,1777
1305,1781
1305,1792
1305,1808
1305,1814
1305,1915
1305,1918
1305,1919
1305,1935
1305,1956
1305,2016
1305,2102
1305,2114
1305,2116
1305,2120
1305,2135
1305,2144
1305,2174
1305,2209
1305,2225
1305,2231
1305,2251
1305,2252
1305,2256
1305,2257
1305,2264
1305,2290
1305,2297
1305,2322
1305,2323
1305,2324
1305,2325
1305,2338
1305,2371
1305,2410
1305,2411
1305,2416
1305,2470
1305,2474
1305,2485
1305,2501
1305,2510
1305,2542
1305,2544
1305,2547
1305,2550
1305,2560
1305,2565
1305,2576
1305,2593
1305,2594
1305,2597
1305,2599
1305,2617
1305,2623
1305,2625
1305,2646
1305,2654
1305,2657
1305,2662
1305,2667
1305,2674
1305,2686
1305,2693
1305,2696
1305,2697
1305,2700
1305,2707
1305,2708
1305,2713
1305,2721
1305,2724
1305,2727
1305,2746
1305,2747
1305,2754
1305,2763
1305,2768
1305,2770
1305,2777
1305,2794
1305,2799
1305,2805
1305,2809
1305,2814
1305,2815
1305,2819
1305,2828
1305,2830
1305,2834
1305,2877
1305,2880
1319,204
1319,290
1319,417
1319,762
1319,813
1319,974
1319,1154
1319,1166
1319,1211
1319,1267
1319,1357
1319,1374
1319,1487
1319,1549
1319,1596
1319,1608
1319,1622
1319,1633
1319,1680
1319,1700
1319,1706
1319,1729
1319,1734
1319,1754
1319,1808
1319,1814
1319,1918
1319,1919
1319,1956
1319,2066
1319,2145
1319,2160
1319,2231
1319,2240
1319,2307
1319,2322
1319,2328
1319,2398
1319,2474
1319,2506
1319,2542
1319,2565
1319,2593
1319,2625
1319,2653
1319,2662
1319,2693
1319,2727
1319,2746
1319,2754
1319,2859
1357,285
1357,403
1357,417
1357,425
1357,762
1357,813
1357,1166
1357,1167
1357,1291
1357,1319
1357,1571
1357,1622
1357,1661
1357,1679
1357,1734
1357,1792
1357,1808
1357,1814
1357,1956
1357,2102
1357,2264
1357,2328
1357,2371
1357,2560
1357,2593
1357,2674
1357,2727
1357,2763
1357,2794
1360,285
1360,290
1360,762
1360,856
1360,2550
1360,2625
1360,2654
1360,2877
1367,204
1367,285
1367,417
1367,856
1367,974
1367,1100
1367,1157
1367,1297
1367,1571
1367,1679
1367,2144
1367,2290
1367,2324
1367,2398
1367,2542
1367,2565
1367,2576
1367,2623
1367,2653
1367,2660
1367,2667
1367,2674
1367,2819
1368,1622
1368,2210
1368,2325
1368,2474
1368,2565
1368,2654
1368,2662
1374,56
1374,72
1374,204
1374,285
1374,290
1374,425
1374,633
1374,737
1374,762
1374,765
1374,840
1374,856
1374,967
1374,974
1374,1166
1374,1167
1374,1191
1374,1247
1374,1267
1374,1297
1374,1384
1374,1393
1374,1403
1374,1419
1374,1549
1374,1633
1374,1637
1374,1646
1374,1653
1374,1679
1374,1680
1374,1705
1374,1792
1374,1799
1374,1808
1374,1814
1374,1865
1374,1918
1374,1919
1374,1956
1374,1982
1374,1990
1374,2066
1374,2102
1374,2109
1374,2116
1374,2120
1374,2135
1374,2145
1374,2174
1374,2223
1374,2225
1374,2257
1374,2258
1374,2264
1374,2307
1374,2322
1374,2323
1374,2325
1374,2338
1374,2354
1374,2369
1374,2375
1374,2398
1374,2410
1374,2470
1374,2485
1374,2508
1374,2516
1374,2535
1374,2547
1374,2560
1374,2565
1374,2576
1374,2585
1374,2593
1374,2623
1374,2625
1374,2654
1374,2658
1374,2687
1374,2713
1374,2747
1374,2754
1374,2763
1374,2764
1374,2768
1374,2775
1374,2785
1374,2787
1374,2794
1374,2805
1374,2809
1374,2814
1374,2822
1374,2825
1374,2828
1374,2830
1374,2831
1374,2834
1374,2838
1374,2859
1374,2877
1384,56
1384,762
1384,1154
1384,1374
1384,1416
1384,1549
1384,1956
1384,2542
1384,2565
1384,2653
1384,2655
1384,2660
1384,2686
1384,2727
1384,2809
1384,2814
1384,2828
1385,2323
1385,2612
1416,1384
1416,1633
1416,2109
1416,2307
1416,2426
1416,2576
1416,2700
1419,1291
1419,1384
1419,2114
1419,2256
1419,2297
1419,2323
1419,2338
1419,2576
1419,2617
1419,2623
1419,2657
1419,2815
1463,403
1463,762
1463,765
1463,1596
1463,1653
1463,1808
1463,2264
1463,2542
1463,2565
1463,2585
1463,2794
1487,1211
1487,1297
1487,1319
1487,1549
1487,1622
1487,1633
1487,1661
1487,1679
1487,2325
1487,2338
1487,2356
1487,2474
1487,2565
1487,2576
1487,2593
1487,2594
1487,2623
1487,2625
1487,2651
1487,2700
1493,1167
1498,762
1498,1167
1522,290
1522,465
1522,762
1522,1211
1522,1297
1522,1374
1522,1385
1522,1637
1522,1688
1522,1700
1522,1754
1522,1777
1522,1814
1522,1956
1522,1990
1522,2066
1522,2145
1522,2210
1522,2297
1522,2328
1522,2398
1522,2426
1522,2433
1522,2470
1522,2508
1522,2510
1522,2517
1522,2550
1522,2565
1522,2585
1522,2593
1522,2595
1522,2599
1522,2625
1522,2651
1522,2653
1522,2654
1522,2667
1522,2746
1522,2754
1522,2834
1549,56
1549,204
1549,214
1549,290
1549,417
1549,465
1549,633
1549,722
1549,737
1549,762
1549,765
1549,825
1549,840
1549,856
1549,974
1549,1100
1549,1154
1549,1157
1549,1166
1549,1211
1549,1247
1549,1267
1549,1291
1549,1297
1549,1307
1549,1315
1549,1319
1549,1357
1549,1360
1549,1374
1549,1385
1549,1416
1549,1419
1549,1487
1549,1571
1549,1583
1549,1608
1549,1621
1549,1622
1549,1633
1549,1646
1549,1653
1549,1661
1549,1679
1549,1680
1549,1688
1549,1700
1549,1705
1549,1706
1549,1723
1549,1729
1549,1734
1549,1744
1549,1754
1549,1777
1549,1781
1549,1792
1549,1799
1549,1808
1549,1814
1549,1918
1549,1919
1549,1956
1549,1982
1549,1990
1549,2016
1549,2066
1549,2102
1549,2114
1549,2116
1549,2120
1549,2134
1549,2135
1549,2144
1549,2145
1549,2174
1549,2209
1549,2225
1549,2231
1549,2237
1549,2240
1549,2251
1549,2252
1549,2256
1549,2257
1549,2258
1549,2264
1549,2290
1549,2297
1549,2307
1549,2322
1549,2323
1549,2324
1549,2326
1549,2328
1549,2338
1549,2354
1549,2356
1549,2371
1549,2375
1549,2384
1549,2398
1549,2410
1549,2411
1549,2456
1549,2470
1549,2474
1549,2485
1549,2506
1549,2508
1549,2510
1549,2516
1549,2542
1549,2544
1549,2547
1549,2550
1549,2560
1549,2565
1549,2576
1549,2585
1549,2593
1549,2594
1549,2597
1549,2599
1549,2605
1549,2623
1549,2625
1549,2651
1549,2653
1549,2654
1549,2655
1549,2657
1549,2660
1549,2662
1549,2667
1549,2686
1549,2687
1549,2693
1549,2697
1549,2700
1549,2707
1549,2713
1549,2721
1549,2727
1549,2746
1549,2747
1549,2754
1549,2763
1549,2785
1549,2787
1549,2790
1549,2794
1549,2809
1549,2814
1549,2815
1549,2819
1549,2828
1549,2830
1549,2859
1549,2871
1549,2880
1571,56
1571,1297
1571,1357
1571,1621
1571,1661
1571,1956
1571,2066
1583,290
1583,465
1583,762
1583,1154
1583,1166
1583,1211
1583,1374
1583,1437
1583,1549
1583,1608
1583,1621
1583,1633
1583,1637
1583,1706
1583,1754
1583,1919
1583,1956
1583,2053
1583,2174
1583,2225
1583,2231
1583,2256
1583,2297
1583,2323
1583,2470
1583,2474
1583,2550
1583,2560
1583,2565
1583,2594
1583,2599
1583,2625
1583,2654
1583,2660
1583,2697
1583,2700
1583,2707
1583,2721
1583,2754
1583,2763
1583,2785
1583,2794
1583,2828
1583,2830
1583,2880
1596,633
1596,1319
1596,1633
1596,2120
1596,2325
1596,2328
1596,2474
1596,2485
1596,2565
1596,2625
1596,2693
1608,214
1608,285
1608,290
1608,403
1608,633
1608,737
1608,762
1608,765
1608,1211
1608,1267
1608,1291
1608,1297
1608,1307
1608,1319
1608,1357
1608,1374
1608,1384
1608,1393
1608,1416
1608,1419
1608,1549
1608,1583
1608,1612
1608,1621
1608,1622
1608,1633
1608,1700
1608,1723
1608,1734
1608,1754
1608,1781
1608,1792
1608,1808
1608,1814
1608,1918
1608,1919
1608,1956
1608,2066
1608,2109
1608,2116
1608,2120
1608,2135
1608,2145
1608,2160
1608,2174
1608,2210
1608,2225
1608,2231
1608,2240
1608,2251
1608,2256
1608,2264
1608,2290
1608,2297
1608,2322
1608,2323
1608,2325
1608,2328
1608,2354
1608,2356
1608,2371
1608,2398
1608,2411
1608,2508
1608,2517
1608,2550
1608,2560
1608,2565
1608,2576
1608,2585
1608,2593
1608,2594
1608,2617
1608,2625
1608,2653
1608,2654
1608,2662
1608,2697
1608,2707
1608,2721
1608,2747
1608,2754
1608,2763
1608,2794
1608,2805
1608,2814
1608,2815
1608,2828
1608,2830
1608,2834
1608,2856
1608,2871
1612,1211
1612,1982
1612,2565
1621,1211
1621,1583
1621,1622
1621,1700
1621,1729
1621,1734
1621,1754
1621,1808
1621,1919
1621,2120
1621,2174
1621,2210
1621,2240
1621,2322
1621,2328
1621,2474
1621,2565
1621,2593
1621,2625
1621,2646
1621,2651
1621,2763
1622,1297
1622,1357
1622,1487
1622,1549
1622,1700
1622,1935
1622,2328
1622,2474
1622,2506
1622,2508
1622,2565
1622,2594
1622,2727
1622,2746
1622,2830
1622,2859
1644,56
1644,737
1644,762
1644,1297
1644,1384
1644,1661
1644,1956
1644,2237
1644,2398
1644,2535
1644,2565
1644,2651
1646,2768
1653,2814
1661,974
1661,1026
1661,1211
1661,1297
1661,1305
1661,1754
1661,1808
1661,2066
1661,2102
1661,2210
1661,2328
1661,2398
1661,2433
1661,2535
1661,2565
1661,2658
1688,825
1688,1723
1688,2485
1688,2653
1688,2871
1700,290
1700,425
1700,762
1700,1297
1700,1385
1700,1622
1700,1918
1700,2066
1700,2120
1700,2256
1700,2322
1700,2411
1700,2416
1700,2565
1700,2585
1700,2646
1700,2777
1700,2785
1700,2794
1700,2809
1700,2814
1700,2880
1705,214
1705,403
1705,765
1705,1297
1705,1419
1705,1596
1705,1723
1705,1808
1705,1919
1705,2102
1705,2120
1705,2251
1705,2256
1705,2264
1705,2322
1705,2323
1705,2375
1705,2547
1705,2560
1705,2599
1705,2707
1705,2721
1705,2805
1705,2814
1705,2815
1705,2828
1705,2834
1706,1705
1706,2114
1729,214
1729,1754
1729,2014
1729,2264
1729,2470
1729,2535
1729,2856
1734,290
1734,465
1734,1211
1734,1357
1734,1633
1734,1754
1734,1808
1734,1918
1734,2066
1734,2328
1734,2354
1734,2398
1734,2474
1734,2485
1734,2508
1734,2535
1734,2593
1734,2595
1734,2625
1734,2696
1734,2727
1744,1297
1744,2508
1744,2657
1748,1026
1748,1307
1748,1549
1748,1637
1748,1646
1748,2237
1748,2264
1748,2398
1748,2456
1748,2506
1748,2517
1748,2565
1754,762
1754,1185
1754,1211
1754,1729
1754,1918
1754,1956
1754,2066
1754,2240
1754,2251
1754,2456
1754,2625
1769,214
1769,403
1769,765
1769,1211
1769,1416
1769,1549
1769,1680
1769,1754
1769,1781
1769,2102
1769,2120
1769,2371
1769,2516
1769,2517
1769,2535
1769,2547
1769,2560
1769,2593
1769,2617
1769,2625
1769,2654
1769,2655
1769,2697
1769,2785
1769,2794
1769,2828
1777,2625
1781,2114
1781,2410
1781,2625
1781,2657
1792,56
1792,1374
1792,2625
1792,2754
1792,2777
1794,1166
1794,1393
1794,1633
1794,1706
1794,1814
1794,1919
1794,2135
1794,2225
1794,2251
1794,2297
1794,2324
1794,2375
1794,2565
1794,2625
1794,2794
1794,2828
1799,1357
1799,2223
1799,2516
1799,2535
1799,2565
1799,2576
1799,2655
1799,2697
1799,2790
1808,72
1808,465
1808,722
1808,762
1808,765
1808,1384
1808,1385
1808,1419
1808,1549
1808,1608
1808,1621
1808,1622
1808,1680
1808,1700
1808,1705
1808,1723
1808,1734
1808,1919
1808,2066
1808,2120
1808,2145
1808,2174
1808,2256
1808,2297
1808,2328
1808,2375
1808,2410
1808,2485
1808,2510
1808,2517
1808,2535
1808,2542
1808,2547
1808,2560
1808,2576
1808,2595
1808,2599
1808,2605
1808,2646
1808,2651
1808,2652
1808,2708
1808,2794
1808,2834
1814,290
1814,737
1814,762
1814,856
1814,1291
1814,1315
1814,1357
1814,1393
1814,1416
1814,1596
1814,1734
1814,1754
1814,1781
1814,1919
1814,2134
1814,2225
1814,2251
1814,2256
1814,2323
1814,2547
1814,2550
1814,2560
1814,2593
1814,2594
1814,2625
1814,2651
1814,2653
1814,2654
1814,2657
1814,2660
1814,2697
1814,2707
1814,2721
1814,2724
1814,2775
1814,2815
1814,2830
1814,2856
1823,737
1823,765
1823,1498
1823,1956
1823,2381
1823,2511
1823,2565
1823,2822
1875,56
1875,204
1875,1166
1875,1393
1875,1705
1875,2102
1875,2174
1875,2225
1875,2256
1875,2264
1875,2565
1875,2625
1875,2686
1875,2693
1875,2794
1875,2809
1875,2825
1875,2828
1915,2237
1915,2354
1915,2398
1915,2516
1915,2535
1918,1211
1918,1297
1918,1700
1918,2066
1918,2322
1918,2411
1919,56
1919,214
1919,290
1919,403
1919,765
1919,1211
1919,1374
1919,1419
1919,1583
1919,1608
1919,1622
1919,1734
1919,2066
1919,2120
1919,2145
1919,2210
1919,2251
1919,2264
1919,2290
1919,2411
1919,2470
1919,2593
1919,2617
1919,2625
1919,2763
1919,2768
1919,2805
1919,2828
1919,2830
1919,2834
1935,1548
1935,2565
1947,2210
1947,2328
1947,2565
1947,2727
1951,2257
1951,2297
1951,2324
1951,2485
1951,2565
1951,2625
1951,2653
1951,2657
1951,2686
1951,2819
1980,1622
1980,1700
1980,1777
1980,1956
1980,2145
1980,2174
1980,2240
1980,2338
1980,2375
1980,2547
1980,2560
1980,2565
1980,2623
1980,2625
1980,2794
1980,2825
1982,214
1982,1211
1982,1267
1990,1239
1990,1385
1990,1549
1990,1622
1990,2066
1990,2324
1990,2398
1990,2565
1990,2693
2003,762
2003,938
2003,1267
2003,1297
2003,1633
2003,1679
2003,1814
2003,2231
2003,2307
2003,2325
2003,2338
2003,2411
2003,2508
2003,2516
2003,2565
2003,2623
2003,2625
2003,2651
2003,2657
2003,2727
2003,2775
2014,1267
2014,2135
2014,2237
2014,2470
2016,417
2016,1315
2016,2237
2016,2371
2016,2653
2016,2697
2102,285
2102,762
2102,825
2102,1166
2102,1211
2102,1291
2102,1416
2102,1549
2102,1596
2102,1633
2102,1769
2102,1777
2102,1808
2102,2323
2102,2328
2102,2474
2102,2535
2102,2542
2102,2565
2102,2576
2102,2594
2102,2707
2102,2790
2102,2815
2109,762
2109,1211
2109,1744
2109,2066
2109,2210
2109,2354
2109,2398
2109,2411
2109,2508
2109,2516
2109,2535
2109,2565
2109,2775
2109,2859
2114,290
2114,1291
2114,1706
2114,1734
2114,1754
2114,1777
2114,1781
2114,1919
2114,2016
2114,2251
2114,2323
2114,2585
2114,2593
2114,2617
2114,2625
2114,2727
2114,2815
2114,2830
2116,1166
2116,1723
2116,2114
2116,2256
2116,2721
2116,2794
2120,417
2120,737
2120,765
2120,1024
2120,1166
2120,1549
2120,1596
2120,1608
2120,1621
2120,1700
2120,1781
2120,2145
2120,2225
2120,2290
2120,2307
2120,2323
2120,2325
2120,2328
2120,2426
2120,2501
2120,2517
2120,2594
2120,2625
2120,2657
2120,2667
2120,2724
2120,2799
2120,2811
2120,2834
2129,1990
2129,2144
2129,2210
2129,2328
2129,2398
2129,2565
2129,2625
2129,2657
2133,56
2133,214
2133,403
2133,722
2133,765
2133,1211
2133,1291
2133,1297
2133,1374
2133,1384
2133,1419
2133,1596
2133,1608
2133,1621
2133,1637
2133,1646
2133,1653
2133,1700
2133,1705
2133,1723
2133,1808
2133,1918
2133,1956
2133,2102
2133,2120
2133,2174
2133,2240
2133,2322
2133,2323
2133,2375
2133,2410
2133,2470
2133,2547
2133,2560
2133,2593
2133,2599
2133,2625
2133,2646
2133,2707
2133,2721
2133,2754
2133,2768
2133,2777
2133,2794
2133,2805
2133,2809
2133,2814
2133,2815
2133,2828
2133,2834
2133,2838
2133,2877
2133,2880
2134,1990
2134,2144
2134,2328
2135,737
2135,762
2135,825
2135,1247
2135,1267
2135,1297
2135,1419
2135,1633
2135,1729
2135,1792
2135,1982
2135,2014
2135,2120
2135,2145
2135,2174
2135,2225
2135,2251
2135,2256
2135,2289
2135,2322
2135,2323
2135,2324
2135,2328
2135,2375
2135,2381
2135,2398
2135,2433
2135,2456
2135,2470
2135,2485
2135,2508
2135,2516
2135,2517
2135,2535
2135,2560
2135,2565
2135,2594
2135,2625
2135,2651
2135,2654
2135,2657
2135,2658
2135,2693
2135,2707
2135,2747
2135,2763
2135,2775
2135,2790
2135,2794
2135,2830
2135,2844
2135,2851
2144,417
2144,737
2144,2210
2144,2328
2144,2398
2144,2653
2145,204
2145,737
2145,974
2145,1166
2145,1549
2145,1608
2145,1637
2145,1653
2145,1679
2145,1705
2145,1734
2145,1814
2145,1982
2145,2066
2145,2120
2145,2144
2145,2210
2145,2258
2145,2289
2145,2297
2145,2323
2145,2328
2145,2356
2145,2364
2145,2375
2145,2398
2145,2411
2145,2456
2145,2516
2145,2535
2145,2565
2145,2594
2145,2651
2145,2747
2145,2775
2145,2790
2145,2794
2145,2811
2145,2822
2145,2831
2145,2871
2160,762
2160,1297
2160,1416
2160,1549
2160,2066
2160,2328
2160,2371
2160,2398
2160,2470
2160,2508
2160,2535
2174,214
2174,1154
2174,1374
2174,1583
2174,1621
2174,1808
2174,2066
2174,2102
2174,2120
2174,2160
2174,2210
2174,2256
2174,2328
2174,2410
2174,2411
2174,2470
2174,2576
2174,2585
2174,2594
2174,2625
2174,2651
2174,2754
2174,2770
2174,2775
2174,2777
2174,2809
2174,2825
2174,2828
2174,2838
2174,2877
2209,204
2209,974
2209,1166
2209,1357
2209,1416
2209,1633
2209,1646
2209,1653
2209,2120
2209,2252
2209,2338
2209,2410
2209,2542
2209,2594
2209,2657
2209,2805
2209,2819
2210,2066
2210,2544
2210,2790
2223,2398
2223,2547
2225,856
2225,1700
2225,2135
2225,2145
2225,2323
2225,2328
2225,2474
2225,2625
2225,2651
2225,2775
2225,2856
2229,285
2229,633
2229,762
2229,856
2229,974
2229,1157
2229,1166
2229,1267
2229,1357
2229,1385
2229,1393
2229,1416
2229,1437
2229,1549
2229,1679
2229,1729
2229,1734
2229,1754
2229,1792
2229,1814
2229,1990
2229,2116
2229,2129
2229,2135
2229,2209
2229,2225
2229,2231
2229,2237
2229,2252
2229,2289
2229,2325
2229,2328
2229,2356
2229,2371
2229,2416
2229,2474
2229,2517
2229,2550
2229,2565
2229,2593
2229,2594
2229,2597
2229,2612
2229,2625
2229,2646
2229,2651
2229,2654
2229,2662
2229,2674
2229,2697
2229,2700
2229,2708
2229,2713
2229,2724
2229,2754
2229,2830
2229,2856
2231,1596
2231,1608
2231,1637
2231,1706
2231,2426
2231,2517
2231,2594
2231,2657
2231,2825
2237,204
2237,465
2237,737
2237,762
2237,974
2237,1166
2237,1185
2237,1291
2237,1297
2237,1305
2237,1315
2237,1357
2237,1416
2237,1549
2237,1633
2237,1637
2237,1688
2237,1706
2237,1729
2237,1734
2237,1744
2237,1754
2237,1769
2237,1781
2237,1919
2237,1990
2237,2014
2237,2016
2237,2114
2237,2134
2237,2144
2237,2145
2237,2209
2237,2251
2237,2252
2237,2256
2237,2257
2237,2289
2237,2290
2237,2297
2237,2324
2237,2328
2237,2381
2237,2398
2237,2456
2237,2470
2237,2485
2237,2510
2237,2517
2237,2535
2237,2544
2237,2550
2237,2565
2237,2576
2237,2585
2237,2592
2237,2593
2237,2594
2237,2595
2237,2612
2237,2646
2237,2651
2237,2654
2237,2657
2237,2660
2237,2667
2237,2674
2237,2686
2237,2693
2237,2696
2237,2697
2237,2700
2237,2707
2237,2746
2237,2747
2237,2790
2237,2811
2237,2815
2237,2819
2237,2830
2237,2831
2237,2871
2240,204
2240,285
2240,737
2240,856
2240,974
2240,1026
2240,1297
2240,1307
2240,1393
2240,1549
2240,1608
2240,1633
2240,2066
2240,2102
2240,2120
2240,2160
2240,2174
2240,2209
2240,2237
2240,2256
2240,2322
2240,2325
2240,2328
2240,2356
2240,2398
2240,2535
2240,2594
2240,2625
2240,2651
2240,2657
2240,2746
2251,856
2251,1679
2251,2231
2251,2625
2251,2651
2251,2654
2251,2707
2251,2721
2251,2814
2251,2815
2252,825
2252,1549
2252,1744
2252,2251
2252,2585
2252,2652
2252,2654
2252,2674
2252,2693
2252,2747
2256,56
2256,214
2256,403
2256,425
2256,765
2256,827
2256,1100
2256,1291
2256,1297
2256,1374
2256,1384
2256,1419
2256,1549
2256,1596
2256,1608
2256,1637
2256,1646
2256,1653
2256,1705
2256,1723
2256,1744
2256,1777
2256,1808
2256,1814
2256,1918
2256,1935
2256,1990
2256,2053
2256,2066
2256,2102
2256,2120
2256,2134
2256,2145
2256,2174
2256,2225
2256,2240
2256,2264
2256,2307
2256,2322
2256,2375
2256,2410
2256,2411
2256,2416
2256,2501
2256,2516
2256,2517
2256,2535
2256,2544
2256,2547
2256,2560
2256,2593
2256,2594
2256,2599
2256,2625
2256,2647
2256,2651
2256,2652
2256,2654
2256,2657
2256,2667
2256,2687
2256,2707
2256,2747
2256,2754
2256,2763
2256,2770
2256,2777
2256,2785
2256,2787
2256,2790
2256,2794
2256,2799
2256,2805
2256,2809
2256,2814
2256,2815
2256,2825
2256,2828
2256,2844
2256,2859
2256,2877
2257,737
2257,765
2257,1166
2257,1734
2257,1823
2257,1919
2257,2120
2257,2135
2257,2144
2257,2145
2257,2225
2257,2381
2257,2544
2257,2576
2257,2593
2257,2667
2257,2686
2257,2708
2257,2764
2258,762
2258,1026
2258,1166
2258,1297
2258,1549
2258,2066
2258,2145
2258,2328
2258,2411
2258,2456
2258,2508
2258,2511
2258,2565
2258,2576
2258,2605
2258,2625
2258,2727
2258,2775
2258,2859
2258,2871
2264,1024
2264,1357
2264,1403
2264,1549
2264,1653
2264,1729
2264,2328
2264,2381
2264,2433
2264,2654
2264,2697
2264,2775
2264,2794
2264,2834
2264,2856
2289,1385
2289,2237
2289,2290
2289,2364
2289,2811
2290,204
2290,825
2290,827
2290,974
2290,1100
2290,1157
2290,1166
2290,1297
2290,1307
2290,1385
2290,1549
2290,1744
2290,1777
2290,1990
2290,2114
2290,2144
2290,2209
2290,2210
2290,2252
2290,2257
2290,2289
2290,2297
2290,2324
2290,2411
2290,2485
2290,2510
2290,2535
2290,2565
2290,2595
2290,2597
2290,2651
2290,2652
2290,2653
2290,2654
2290,2655
2290,2657
2290,2660
2290,2667
2290,2674
2290,2686
2290,2687
2290,2693
2290,2727
2290,2746
2290,2747
2290,2819
2297,204
2297,214
2297,417
2297,425
2297,465
2297,737
2297,825
2297,1166
2297,1267
2297,1297
2297,1307
2297,1315
2297,1357
2297,1374
2297,1384
2297,1416
2297,1571
2297,1633
2297,1700
2297,1723
2297,1734
2297,1754
2297,1792
2297,1814
2297,1956
2297,1990
2297,2066
2297,2134
2297,2144
2297,2145
2297,2174
2297,2209
2297,2210
2297,2225
2297,2240
2297,2290
2297,2328
2297,2338
2297,2398
2297,2456
2297,2474
2297,2485
2297,2506
2297,2508
2297,2510
2297,2535
2297,2542
2297,2547
2297,2594
2297,2625
2297,2651
2297,2654
2297,2657
2297,2660
2297,2667
2297,2693
2297,2727
2297,2746
2297,2775
2297,2794
2297,2856
2297,2859
2297,2871
2299,56
2299,856
2299,1549
2299,2120
2299,2251
2299,2256
2299,2322
2299,2328
2299,2398
2299,2410
2299,2485
2299,2547
2299,2560
2299,2565
2299,2585
2299,2625
2299,2651
2299,2687
2299,2700
2299,2746
2299,2754
2299,2794
2299,2809
2299,2851
2307,2585
2307,2746
2322,1297
2322,1621
2322,1700
2322,2289
2322,2625
2322,2814
2323,72
2323,204
2323,290
2323,346
2323,417
2323,737
2323,827
2323,1157
2323,1297
2323,1307
2323,1385
2323,1549
2323,1571
2323,1633
2323,1729
2323,1744
2323,1777
2323,1935
2323,1990
2323,2066
2323,2114
2323,2174
2323,2210
2323,2225
2323,2240
2323,2252
2323,2297
2323,2369
2323,2398
2323,2411
2323,2416
2323,2485
2323,2516
2323,2535
2323,2565
2323,2576
2323,2585
2323,2594
2323,2625
2323,2651
2323,2653
2323,2654
2323,2657
2323,2660
2323,2746
2323,2747
2323,2794
2323,2815
2323,2838
2323,2859
2324,2485
2324,2535
2326,204
2326,285
2326,417
2326,762
2326,825
2326,827
2326,974
2326,1100
2326,1157
2326,1166
2326,1239
2326,1297
2326,1307
2326,1310
2326,1385
2326,1549
2326,1571
2326,1621
2326,1633
2326,1688
2326,1706
2326,1729
2326,1744
2326,1769
2326,1777
2326,1935
2326,1990
2326,2016
2326,2066
2326,2114
2326,2129
2326,2134
2326,2144
2326,2145
2326,2209
2326,2210
2326,2252
2326,2257
2326,2289
2326,2290
2326,2297
2326,2307
2326,2324
2326,2325
2326,2328
2326,2338
2326,2356
2326,2384
2326,2398
2326,2411
2326,2416
2326,2433
2326,2485
2326,2506
2326,2508
2326,2510
2326,2516
2326,2535
2326,2542
2326,2544
2326,2565
2326,2576
2326,2585
2326,2592
2326,2594
2326,2595
2326,2597
2326,2612
2326,2623
2326,2646
2326,2653
2326,2654
2326,2655
2326,2657
2326,2660
2326,2667
2326,2674
2326,2686
2326,2687
2326,2693
2326,2727
2326,2746
2326,2747
2326,2790
2326,2799
2326,2819
2326,2859
2326,2871
2328,403
2328,465
2328,722
2328,765
2328,825
2328,974
2328,1166
2328,1211
2328,1239
2328,1297
2328,1384
2328,1549
2328,1608
2328,1621
2328,1637
2328,1646
2328,1653
2328,1700
2328,1723
2328,1808
2328,1956
2328,1990
2328,2053
2328,2066
2328,2120
2328,2134
2328,2160
2328,2174
2328,2209
2328,2210
2328,2240
2328,2252
2328,2257
2328,2264
2328,2297
2328,2322
2328,2324
2328,2410
2328,2411
2328,2470
2328,2485
2328,2506
2328,2508
2328,2510
2328,2517
2328,2535
2328,2544
2328,2547
2328,2565
2328,2585
2328,2593
2328,2595
2328,2597
2328,2599
2328,2652
2328,2653
2328,2654
2328,2657
2328,2660
2328,2667
2328,2693
2328,2707
2328,2727
2328,2746
2328,2747
2328,2754
2328,2763
2328,2768
2328,2794
2328,2805
2328,2809
2328,2814
2328,2825
2328,2834
2328,2877
2338,2323
2338,2508
2338,2654
2356,465
2356,825
2356,974
2356,1166
2356,1706
2356,1734
2356,2114
2356,2134
2356,2210
2356,2289
2356,2324
2356,2328
2356,2510
2356,2544
2356,2565
2356,2585
2356,2594
2356,2595
2356,2654
2356,2655
2356,2657
2356,2662
2356,2693
2356,2727
2356,2746
2364,762
2364,1679
2364,2290
2364,2660
2364,2667
2364,2819
2368,290
2368,2508
2368,2560
2368,2565
2368,2594
2368,2599
2369,737
2369,840
2369,1026
2369,1493
2369,1799
2369,1982
2369,2014
2369,2160
2369,2354
2369,2364
2369,2398
2369,2411
2369,2785
2369,2787
2369,2822
2371,214
2371,722
2371,762
2371,856
2371,1166
2371,1211
2371,1267
2371,1291
2371,1297
2371,1315
2371,1357
2371,1416
2371,1437
2371,1596
2371,1705
2371,1734
2371,1754
2371,1781
2371,1792
2371,1808
2371,1814
2371,1918
2371,1919
2371,2053
2371,2174
2371,2225
2371,2251
2371,2256
2371,2264
2371,2323
2371,2324
2371,2354
2371,2375
2371,2411
2371,2416
2371,2426
2371,2470
2371,2485
2371,2517
2371,2547
2371,2550
2371,2560
2371,2565
2371,2593
2371,2625
2371,2646
2371,2653
2371,2654
2371,2657
2371,2662
2371,2696
2371,2697
2371,2707
2371,2724
2371,2815
2371,2830
2371,2856
2371,2877
2371,2880
2375,762
2375,765
2375,1157
2375,1185
2375,1384
2375,1419
2375,1608
2375,1637
2375,1653
2375,1688
2375,1918
2375,2066
2375,2120
2375,2240
2375,2256
2375,2470
2375,2565
2375,2599
2375,2612
2375,2828
2375,2880
2379,762
2379,1307
2379,1688
2379,1744
2379,1777
2379,2114
2379,2134
2379,2257
2379,2328
2379,2411
2379,2485
2379,2516
2379,2565
2379,2859
2381,762
2381,1297
2381,1385
2381,1549
2381,1680
2381,1956
2381,2066
2381,2252
2381,2297
2381,2323
2381,2398
2381,2508
2381,2516
2381,2535
2381,2625
2381,2651
2381,2790
2384,72
2384,1166
2384,1315
2384,1385
2384,1416
2384,2237
2384,2256
2384,2328
2384,2354
2384,2371
2384,2398
2384,2416
2384,2511
2384,2516
2384,2565
2384,2625
2384,2822
2384,2871
2398,72
2398,465
2398,974
2398,1549
2398,1571
2398,1706
2398,1734
2398,2144
2398,2209
2398,2210
2398,2297
2398,2326
2398,2506
2398,2516
2398,2585
2398,2597
2398,2625
2398,2651
2398,2655
2398,2660
2398,2686
2398,2746
2398,2790
2398,2871
2410,737
2410,1700
2410,1799
2410,2576
2410,2794
2410,2825
2411,417
2411,465
2411,825
2411,974
2411,1166
2411,1297
2411,1385
2411,1419
2411,1571
2411,1596
2411,1633
2411,1680
2411,1700
2411,1754
2411,1777
2411,1915
2411,1918
2411,1919
2411,1935
2411,1990
2411,2016
2411,2066
2411,2114
2411,2120
2411,2129
2411,2144
2411,2209
2411,2210
2411,2251
2411,2252
2411,2256
2411,2290
2411,2307
2411,2325
2411,2375
2411,2433
2411,2474
2411,2510
2411,2535
2411,2544
2411,2560
2411,2576
2411,2585
2411,2595
2411,2653
2411,2654
2411,2657
2411,2660
2411,2667
2411,2674
2411,2686
2411,2687
2411,2708
2411,2713
2411,2724
2411,2727
2411,2746
2411,2777
2411,2790
2411,2794
2411,2799
2411,2809
2411,2859
2416,762
2416,1211
2416,1291
2416,1633
2416,1723
2416,2120
2416,2323
2416,2375
2416,2426
2416,2647
2416,2708
2416,2721
2416,2763
2456,72
2456,2470
2474,56
2474,204
2474,290
2474,403
2474,417
2474,425
2474,633
2474,737
2474,762
2474,765
2474,1267
2474,1291
2474,1307
2474,1357
2474,1374
2474,1384
2474,1393
2474,1416
2474,1419
2474,1549
2474,1646
2474,1705
2474,1723
2474,1734
2474,1754
2474,1781
2474,1792
2474,1808
2474,1814
2474,1919
2474,2066
2474,2116
2474,2120
2474,2135
2474,2145
2474,2174
2474,2210
2474,2225
2474,2229
2474,2231
2474,2240
2474,2251
2474,2256
2474,2264
2474,2297
2474,2322
2474,2328
2474,2371
2474,2375
2474,2398
2474,2410
2474,2501
2474,2506
2474,2547
2474,2550
2474,2576
2474,2593
2474,2594
2474,2599
2474,2617
2474,2625
2474,2646
2474,2651
2474,2654
2474,2662
2474,2697
2474,2707
2474,2721
2474,2763
2474,2794
2474,2805
2474,2809
2474,2811
2474,2814
2474,2815
2474,2825
2474,2828
2474,2830
2474,2834
2474,2856
2474,2877
2485,204
2485,290
2485,417
2485,465
2485,737
2485,762
2485,765
2485,825
2485,856
2485,974
2485,1166
2485,1185
2485,1239
2485,1267
2485,1291
2485,1307
2485,1315
2485,1357
2485,1360
2485,1393
2485,1403
2485,1549
2485,1571
2485,1596
2485,1637
2485,1688
2485,1705
2485,1723
2485,1729
2485,1754
2485,1769
2485,1792
2485,1808
2485,1982
2485,1990
2485,2014
2485,2016
2485,2066
2485,2114
2485,2116
2485,2120
2485,2135
2485,2145
2485,2174
2485,2225
2485,2237
2485,2256
2485,2257
2485,2289
2485,2297
2485,2323
2485,2325
2485,2328
2485,2364
2485,2371
2485,2375
2485,2384
2485,2398
2485,2411
2485,2433
2485,2456
2485,2506
2485,2508
2485,2510
2485,2511
2485,2542
2485,2547
2485,2550
2485,2560
2485,2565
2485,2576
2485,2585
2485,2593
2485,2594
2485,2595
2485,2597
2485,2605
2485,2625
2485,2646
2485,2647
2485,2653
2485,2654
2485,2655
2485,2657
2485,2660
2485,2667
2485,2674
2485,2686
2485,2696
2485,2700
2485,2713
2485,2727
2485,2746
2485,2747
2485,2819
2485,2830
2485,2831
2485,2856
2485,2871
2485,2877
2506,1706
2506,2016
2506,2066
2506,2145
2506,2251
2506,2323
2506,2474
2506,2535
2506,2657
2506,2658
2506,2727
2506,2859
2506,2871
2508,214
2508,290
2508,1374
2508,2323
2508,2470
2508,2542
2508,2625
2510,403
2510,765
2510,1166
2510,1267
2510,1297
2510,1416
2510,1437
2510,1633
2510,1653
2510,1792
2510,1808
2510,1814
2510,2102
2510,2120
2510,2134
2510,2174
2510,2231
2510,2328
2510,2371
2510,2410
2510,2474
2510,2485
2510,2542
2510,2565
2510,2593
2510,2594
2510,2617
2510,2625
2510,2651
2510,2654
2510,2660
2510,2674
2510,2693
2510,2700
2510,2707
2510,2727
2510,2754
2510,2794
2510,2805
2510,2828
2510,2834
2511,1026
2516,2517
2516,2576
2516,2605
2516,2657
2517,1310
2517,1918
2517,2120
2535,204
2535,1549
2535,2066
2535,2145
2535,2160
2535,2240
2535,2326
2535,2354
2535,2381
2535,2775
2535,2790
2535,2805
2542,72
2542,204
2542,403
2542,417
2542,765
2542,1100
2542,1267
2542,1297
2542,1307
2542,1549
2542,1637
2542,1723
2542,1956
2542,1990
2542,2016
2542,2066
2542,2102
2542,2120
2542,2145
2542,2174
2542,2225
2542,2231
2542,2252
2542,2264
2542,2290
2542,2297
2542,2323
2542,2328
2542,2356
2542,2398
2542,2456
2542,2508
2542,2576
2542,2597
2542,2599
2542,2623
2542,2660
2542,2693
2542,2707
2542,2746
2542,2768
2542,2787
2542,2805
2542,2819
2542,2828
2542,2834
2542,2859
2542,2871
2544,2328
2544,2790
2544,2814
2547,204
2547,762
2547,1357
2547,1437
2547,1549
2547,1596
2547,1679
2547,1777
2547,1792
2547,1808
2547,2209
2547,2290
2547,2297
2547,2325
2547,2328
2547,2371
2547,2398
2547,2411
2547,2474
2547,2485
2547,2542
2547,2560
2547,2576
2547,2625
2547,2646
2547,2653
2547,2654
2547,2660
2547,2662
2547,2667
2547,2674
2547,2687
2547,2724
2547,2768
2547,2777
2547,2790
2547,2794
2547,2799
2547,2819
2549,290
2549,762
2549,1211
2549,1357
2549,1734
2549,1754
2549,1808
2549,1918
2549,1919
2549,1956
2549,2251
2549,2256
2549,2323
2549,2371
2549,2474
2549,2510
2549,2565
2549,2576
2549,2585
2549,2593
2549,2727
2549,2746
2549,2877
2550,765
2550,1357
2550,1416
2550,1437
2550,1549
2550,1956
2550,2116
2550,2174
2550,2264
2550,2371
2550,2501
2550,2697
2550,2794
2550,2834
2559,214
2559,290
2559,403
2559,417
2559,633
2559,762
2559,765
2559,974
2559,1166
2559,1211
2559,1291
2559,1297
2559,1385
2559,1729
2559,1734
2559,1744
2559,1754
2559,1792
2559,1814
2559,1956
2559,2053
2559,2066
2559,2120
2559,2225
2559,2252
2559,2256
2559,2289
2559,2290
2559,2324
2559,2356
2559,2398
2559,2411
2559,2470
2559,2508
2559,2510
2559,2542
2559,2565
2559,2617
2559,2625
2559,2651
2559,2654
2559,2662
2559,2674
2559,2721
2559,2785
2559,2794
2559,2805
2559,2809
2559,2828
2559,2856
2559,2859
2560,204
2560,290
2560,346
2560,417
2560,825
2560,827
2560,856
2560,1024
2560,1026
2560,1157
2560,1211
2560,1239
2560,1291
2560,1297
2560,1305
2560,1307
2560,1360
2560,1549
2560,1571
2560,1596
2560,1744
2560,1754
2560,1777
2560,1915
2560,1956
2560,2016
2560,2066
2560,2114
2560,2129
2560,2144
2560,2210
2560,2231
2560,2252
2560,2256
2560,2323
2560,2324
2560,2398
2560,2411
2560,2485
2560,2508
2560,2565
2560,2593
2560,2595
2560,2597
2560,2617
2560,2646
2560,2653
2560,2654
2560,2655
2560,2686
2560,2708
2560,2727
2560,2794
2560,2799
2560,2809
2560,2859
2565,56
2565,155
2565,204
2565,214
2565,285
2565,290
2565,346
2565,403
2565,417
2565,425
2565,465
2565,633
2565,737
2565,762
2565,765
2565,825
2565,827
2565,840
2565,856
2565,938
2565,967
2565,974
2565,1024
2565,1026
2565,1100
2565,1154
2565,1157
2565,1166
2565,1185
2565,1191
2565,1211
2565,1239
2565,1247
2565,1267
2565,1291
2565,1297
2565,1305
2565,1307
2565,1310
2565,1315
2565,1357
2565,1360
2565,1374
2565,1384
2565,1385
2565,1393
2565,1403
2565,1416
2565,1419
2565,1437
2565,1493
2565,1498
2565,1548
2565,1549
2565,1571
2565,1596
2565,1633
2565,1637
2565,1646
2565,1653
2565,1679
2565,1680
2565,1688
2565,1705
2565,1706
2565,1723
2565,1729
2565,1734
2565,1744
2565,1754
2565,1769
2565,1777
2565,1781
2565,1792
2565,1799
2565,1808
2565,1814
2565,1865
2565,1915
2565,1918
2565,1919
2565,1935
2565,1956
2565,1982
2565,1990
2565,2014
2565,2016
2565,2053
2565,2066
2565,2102
2565,2114
2565,2116
2565,2120
2565,2133
2565,2134
2565,2135
2565,2144
2565,2145
2565,2160
2565,2174
2565,2209
2565,2210
2565,2223
2565,2225
2565,2231
2565,2237
2565,2240
2565,2251
2565,2252
2565,2256
2565,2257
2565,2258
2565,2264
2565,2289
2565,2290
2565,2297
2565,2307
2565,2322
2565,2323
2565,2324
2565,2325
2565,2328
2565,2338
2565,2354
2565,2356
2565,2364
2565,2369
2565,2371
2565,2375
2565,2381
2565,2384
2565,2386
2565,2398
2565,2410
2565,2411
2565,2416
2565,2426
2565,2433
2565,2456
2565,2470
2565,2474
2565,2485
2565,2501
2565,2506
2565,2508
2565,2510
2565,2511
2565,2516
2565,2517
2565,2535
2565,2542
2565,2544
2565,2547
2565,2550
2565,2560
2565,2576
2565,2585
2565,2592
2565,2593
2565,2594
2565,2595
2565,2597
2565,2599
2565,2605
2565,2612
2565,2617
2565,2623
2565,2625
2565,2646
2565,2647
2565,2651
2565,2652
2565,2653
2565,2654
2565,2655
2565,2657
2565,2658
2565,2660
2565,2662
2565,2667
2565,2674
2565,2686
2565,2687
2565,2689
2565,2693
2565,2696
2565,2697
2565,2700
2565,2707
2565,2708
2565,2713
2565,2721
2565,2724
2565,2727
2565,2746
2565,2747
2565,2754
2565,2763
2565,2764
2565,2768
2565,2770
2565,2775
2565,2777
2565,2785
2565,2787
2565,2790
2565,2794
2565,2799
2565,2805
2565,2809
2565,2811
2565,2814
2565,2815
2565,2819
2565,2822
2565,2825
2565,2828
2565,2830
2565,2831
2565,2834
2565,2838
2565,2844
2565,2851
2565,2856
2565,2859
2565,2871
2565,2877
2565,2880
2576,56
2576,765
2576,974
2576,1166
2576,1211
2576,1297
2576,1315
2576,1357
2576,1416
2576,1633
2576,1679
2576,1680
2576,1688
2576,1705
2576,1781
2576,1865
2576,1919
2576,2053
2576,2102
2576,2144
2576,2160
2576,2174
2576,2231
2576,2251
2576,2324
2576,2338
2576,2354
2576,2375
2576,2381
2576,2398
2576,2411
2576,2416
2576,2470
2576,2474
2576,2542
2576,2592
2576,2594
2576,2625
2576,2646
2576,2651
2576,2654
2576,2660
2576,2662
2576,2674
2576,2687
2576,2689
2576,2693
2576,2697
2576,2700
2576,2713
2576,2724
2576,2768
2576,2805
2576,2809
2576,2814
2576,2822
2576,2825
2576,2828
2576,2871
2576,2877
2576,2880
2585,762
2585,1549
2585,2066
2585,2120
2585,2160
2585,2210
2585,2252
2585,2328
2585,2338
2585,2398
2585,2535
2585,2544
2585,2594
2585,2625
2585,2651
2585,2653
2585,2746
2585,2790
2592,1799
2592,2237
2592,2375
2592,2416
2593,56
2593,765
2593,1374
2593,1734
2593,1754
2593,2102
2593,2322
2593,2328
2593,2411
2593,2625
2593,2654
2593,2693
2593,2727
2593,2805
2593,2809
2593,2844
2594,417
2594,465
2594,737
2594,856
2594,974
2594,1166
2594,1297
2594,2066
2594,2120
2594,2174
2594,2256
2594,2264
2594,2322
2594,2398
2594,2410
2594,2501
2594,2544
2594,2576
2594,2585
2594,2625
2594,2700
2594,2746
2594,2831
2595,1297
2595,1357
2595,1548
2595,1808
2595,2134
2595,2174
2595,2237
2595,2264
2595,2328
2595,2354
2595,2398
2595,2516
2595,2560
2595,2585
2595,2625
2595,2657
2595,2746
2595,2794
2599,417
2599,762
2605,403
2605,1166
2605,1297
2605,1688
2605,1808
2605,2120
2605,2144
2605,2174
2605,2251
2605,2323
2605,2381
2605,2516
2605,2542
2605,2547
2605,2576
2605,2594
2605,2625
2605,2707
2605,2871
2612,737
2612,765
2612,1291
2612,1297
2612,1548
2612,2323
2612,2375
2612,2398
2612,2516
2612,2565
2612,2593
2612,2594
2612,2625
2612,2877
2617,765
2617,1646
2617,1653
2617,1918
2617,2102
2617,2231
2617,2323
2617,2410
2617,2535
2617,2625
2617,2667
2617,2697
2617,2775
2617,2794
2617,2814
2623,204
2623,403
2623,737
2623,1297
2623,1571
2623,1633
2623,1919
2623,2209
2623,2257
2623,2324
2623,2375
2623,2398
2623,2416
2623,2501
2623,2535
2623,2565
2623,2585
2623,2597
2623,2625
2623,2652
2623,2653
2623,2667
2623,2746
2623,2799
2623,2838
2646,425
2646,765
2646,1291
2646,1437
2646,1596
2646,1734
2646,1808
2646,1823
2646,2120
2646,2256
2646,2547
2646,2560
2646,2593
2646,2617
2646,2625
2646,2721
2646,2830
2646,2877
2647,56
2647,214
2647,1291
2647,1646
2647,2053
2647,2174
2647,2264
2647,2416
2647,2470
2647,2501
2647,2814
2651,204
2651,285
2651,290
2651,403
2651,417
2651,465
2651,737
2651,762
2651,825
2651,856
2651,974
2651,1166
2651,1185
2651,1297
2651,1305
2651,1360
2651,1385
2651,1416
2651,1437
2651,1549
2651,1571
2651,1688
2651,1706
2651,1729
2651,1744
2651,1754
2651,1769
2651,1777
2651,1918
2651,1935
2651,1990
2651,2016
2651,2066
2651,2144
2651,2145
2651,2174
2651,2209
2651,2225
2651,2231
2651,2240
2651,2252
2651,2256
2651,2257
2651,2289
2651,2290
2651,2322
2651,2324
2651,2328
2651,2338
2651,2375
2651,2384
2651,2398
2651,2411
2651,2416
2651,2506
2651,2510
2651,2517
2651,2535
2651,2542
2651,2544
2651,2565
2651,2576
2651,2585
2651,2594
2651,2597
2651,2612
2651,2623
2651,2625
2651,2652
2651,2653
2651,2657
2651,2660
2651,2662
2651,2667
2651,2686
2651,2693
2651,2707
2651,2713
2651,2727
2651,2746
2651,2747
2651,2811
2651,2814
2651,2819
2651,2838
2651,2871
2653,204
2653,417
2653,737
2653,825
2653,1166
2653,1267
2653,1297
2653,1307
2653,1549
2653,1688
2653,1734
2653,1915
2653,2016
2653,2066
2653,2144
2653,2209
2653,2237
2653,2252
2653,2257
2653,2328
2653,2354
2653,2371
2653,2398
2653,2411
2653,2485
2653,2535
2653,2544
2653,2565
2653,2576
2653,2585
2653,2594
2653,2625
2653,2652
2653,2654
2653,2657
2653,2660
2653,2674
2653,2686
2653,2693
2653,2696
2653,2727
2653,2747
2653,2871
2654,285
2654,417
2654,762
2654,825
2654,827
2654,1267
2654,1291
2654,1297
2654,1357
2654,1416
2654,1549
2654,1679
2654,1744
2654,1781
2654,1792
2654,1915
2654,1935
2654,1990
2654,2053
2654,2116
2654,2144
2654,2210
2654,2252
2654,2297
2654,2307
2654,2324
2654,2371
2654,2411
2654,2416
2654,2470
2654,2485
2654,2508
2654,2510
2654,2535
2654,2550
2654,2576
2654,2585
2654,2625
2654,2653
2654,2657
2654,2662
2654,2667
2654,2674
2654,2686
2654,2693
2654,2697
2654,2713
2654,2724
2654,2746
2654,2819
2654,2825
2654,2856
2654,2859
2655,72
2655,762
2655,1211
2655,1307
2655,1315
2655,1792
2655,2210
2655,2326
2655,2371
2655,2560
2655,2652
2655,2660
2655,2775
2657,204
2657,974
2657,1297
2657,1935
2657,2252
2657,2257
2657,2297
2657,2324
2657,2411
2657,2485
2657,2576
2657,2625
2657,2652
2657,2654
2657,2693
2657,2727
2657,2747
2657,2790
2658,72
2658,155
2658,204
2658,346
2658,417
2658,762
2658,967
2658,1024
2658,1100
2658,1157
2658,1166
2658,1185
2658,1305
2658,1385
2658,1498
2658,1680
2658,1688
2658,1729
2658,1744
2658,1769
2658,1777
2658,1915
2658,1982
2658,1990
2658,2014
2658,2114
2658,2129
2658,2144
2658,2209
2658,2240
2658,2252
2658,2257
2658,2290
2658,2297
2658,2324
2658,2326
2658,2364
2658,2411
2658,2433
2658,2485
2658,2516
2658,2517
2658,2565
2658,2592
2658,2652
2658,2653
2658,2654
2658,2657
2658,2674
2658,2686
2658,2687
2658,2689
2658,2693
2658,2696
2658,2727
2658,2747
2658,2799
2660,72
2660,204
2660,285
2660,417
2660,633
2660,737
2660,762
2660,825
2660,856
2660,1157
2660,1166
2660,1267
2660,1360
2660,1393
2660,1633
2660,1734
2660,1744
2660,1754
2660,1781
2660,1814
2660,1990
2660,2066
2660,2114
2660,2116
2660,2135
2660,2144
2660,2145
2660,2210
2660,2231
2660,2252
2660,2323
2660,2324
2660,2325
2660,2328
2660,2356
2660,2381
2660,2398
2660,2411
2660,2474
2660,2485
2660,2506
2660,2510
2660,2516
2660,2542
2660,2550
2660,2576
2660,2592
2660,2593
2660,2594
2660,2597
2660,2605
2660,2625
2660,2651
2660,2653
2660,2654
2660,2657
2660,2686
2660,2693
2660,2697
2660,2708
2660,2713
2660,2747
2660,2754
2660,2787
2660,2819
2660,2830
2660,2831
2660,2856
2660,2871
2662,2256
2667,633
2667,737
2667,1548
2667,1799
2667,2325
2667,2398
2667,2474
2667,2651
2667,2708
2667,2764
2667,2831
2674,633
2674,825
2674,856
2674,1166
2674,1267
2674,1291
2674,1297
2674,1305
2674,1357
2674,1393
2674,1416
2674,1549
2674,1571
2674,1734
2674,1754
2674,1814
2674,2016
2674,2114
2674,2116
2674,2209
2674,2225
2674,2231
2674,2251
2674,2252
2674,2290
2674,2297
2674,2324
2674,2356
2674,2371
2674,2474
2674,2485
2674,2535
2674,2542
2674,2550
2674,2560
2674,2565
2674,2576
2674,2597
2674,2623
2674,2625
2674,2651
2674,2654
2674,2660
2674,2686
2674,2693
2674,2697
2674,2700
2674,2708
2674,2713
2674,2775
2674,2785
2674,2819
2674,2830
2674,2851
2677,840
2677,1549
2677,1982
2677,2565
2686,204
2686,417
2686,465
2686,633
2686,762
2686,825
2686,856
2686,1166
2686,1267
2686,1297
2686,1357
2686,1393
2686,1416
2686,1437
2686,1571
2686,1679
2686,1688
2686,1777
2686,1792
2686,1814
2686,2016
2686,2116
2686,2135
2686,2225
2686,2231
2686,2237
2686,2290
2686,2297
2686,2325
2686,2328
2686,2338
2686,2356
2686,2416
2686,2426
2686,2485
2686,2510
2686,2542
2686,2550
2686,2565
2686,2576
2686,2585
2686,2594
2686,2623
2686,2625
2686,2651
2686,2653
2686,2654
2686,2657
2686,2660
2686,2662
2686,2667
2686,2697
2686,2700
2686,2708
2686,2713
2686,2724
2686,2754
2686,2790
2686,2799
2686,2819
2686,2851
2686,2856
2687,1633
2687,2338
2687,2651
2687,2657
2687,2662
2687,2708
2687,2754
2688,72
2688,204
2688,285
2688,290
2688,346
2688,417
2688,465
2688,633
2688,737
2688,762
2688,825
2688,856
2688,974
2688,1024
2688,1026
2688,1100
2688,1166
2688,1185
2688,1239
2688,1247
2688,1267
2688,1297
2688,1305
2688,1310
2688,1357
2688,1360
2688,1385
2688,1393
2688,1416
2688,1437
2688,1549
2688,1571
2688,1633
2688,1679
2688,1680
2688,1688
2688,1706
2688,1734
2688,1744
2688,1754
2688,1769
2688,1777
2688,1781
2688,1792
2688,1799
2688,1814
2688,1823
2688,1919
2688,1935
2688,1982
2688,2014
2688,2016
2688,2066
2688,2114
2688,2116
2688,2134
2688,2135
2688,2144
2688,2145
2688,2209
2688,2210
2688,2225
2688,2231
2688,2237
2688,2240
2688,2251
2688,2252
2688,2256
2688,2257
2688,2258
2688,2289
2688,2290
2688,2297
2688,2307
2688,2324
2688,2325
2688,2326
2688,2328
2688,2338
2688,2354
2688,2356
2688,2364
2688,2369
2688,2371
2688,2381
2688,2384
2688,2386
2688,2398
2688,2411
2688,2433
2688,2456
2688,2474
2688,2485
2688,2508
2688,2510
2688,2516
2688,2535
2688,2542
2688,2544
2688,2550
2688,2565
2688,2576
2688,2585
2688,2592
2688,2593
2688,2594
2688,2595
2688,2597
2688,2605
2688,2612
2688,2617
2688,2623
2688,2625
2688,2646
2688,2651
2688,2653
2688,2654
2688,2655
2688,2657
2688,2660
2688,2662
2688,2667
2688,2674
2688,2686
2688,2687
2688,2693
2688,2696
2688,2697
2688,2700
2688,2708
2688,2713
2688,2724
2688,2727
2688,2746
2688,2747
2688,2754
2688,2764
2688,2775
2688,2785
2688,2787
2688,2790
2688,2799
2688,2819
2688,2822
2688,2830
2688,2831
2688,2856
2688,2859
2688,2871
2689,737
2689,1297
2689,1799
2689,2257
2689,2325
2689,2398
2689,2485
2689,2657
2689,2700
2689,2708
2691,1297
2691,1357
2691,1799
2691,2134
2691,2324
2691,2328
2691,2398
2691,2485
2691,2508
2691,2535
2691,2565
2691,2576
2691,2625
2691,2658
2691,2660
2691,2700
2691,2708
2691,2727
2691,2859
2691,2871
2693,204
2693,285
2693,417
2693,737
2693,856
2693,1024
2693,1026
2693,1166
2693,1239
2693,1310
2693,1416
2693,1549
2693,1571
2693,1633
2693,1744
2693,1792
2693,1990
2693,2066
2693,2134
2693,2209
2693,2252
2693,2289
2693,2290
2693,2297
2693,2324
2693,2328
2693,2354
2693,2371
2693,2381
2693,2411
2693,2416
2693,2426
2693,2433
2693,2485
2693,2510
2693,2516
2693,2542
2693,2550
2693,2576
2693,2585
2693,2594
2693,2597
2693,2625
2693,2651
2693,2653
2693,2654
2693,2657
2693,2667
2693,2708
2693,2747
2693,2787
2693,2819
2693,2822
2693,2831
2696,633
2696,737
2696,762
2696,856
2696,1185
2696,1267
2696,1393
2696,1688
2696,1799
2696,2135
2696,2144
2696,2225
2696,2237
2696,2325
2696,2328
2696,2354
2696,2356
2696,2485
2696,2576
2696,2625
2696,2651
2696,2653
2696,2708
2696,2713
2696,2790
2697,974
2697,1297
2697,1549
2697,1633
2697,1769
2697,2066
2697,2134
2697,2144
2697,2231
2697,2323
2697,2326
2697,2328
2697,2411
2697,2535
2697,2544
2697,2565
2697,2585
2697,2625
2697,2654
2697,2657
2697,2708
2697,2775
2697,2790
2699,633
2699,1416
2699,1706
2699,1744
2699,1935
2699,2116
2699,2210
2699,2252
2699,2325
2699,2326
2699,2565
2699,2653
2699,2655
2699,2657
2699,2660
2699,2662
2699,2667
2699,2708
2699,2713
2699,2727
2699,2871
2700,204
2700,285
2700,465
2700,825
2700,974
2700,1100
2700,1157
2700,1166
2700,1239
2700,1297
2700,1571
2700,1633
2700,1679
2700,1706
2700,1744
2700,1777
2700,1935
2700,1990
2700,2016
2700,2114
2700,2134
2700,2209
2700,2210
2700,2252
2700,2257
2700,2290
2700,2297
2700,2324
2700,2325
2700,2328
2700,2338
2700,2384
2700,2411
2700,2416
2700,2485
2700,2506
2700,2510
2700,2535
2700,2542
2700,2544
2700,2585
2700,2594
2700,2595
2700,2597
2700,2612
2700,2623
2700,2625
2700,2653
2700,2654
2700,2655
2700,2657
2700,2660
2700,2667
2700,2674
2700,2686
2700,2693
2700,2708
2700,2713
2700,2727
2700,2746
2700,2747
2700,2799
2700,2819
2700,2859
2702,72
2702,204
2702,290
2702,425
2702,1385
2702,1437
2702,1633
2702,1680
2702,1734
2702,2135
2702,2225
2702,2251
2702,2323
2702,2338
2702,2381
2702,2398
2702,2516
2702,2565
2702,2576
2702,2592
2702,2651
2702,2708
2702,2775
2702,2830
2702,2856
2702,2880
2703,204
2703,285
2703,633
2703,856
2703,1393
2703,1571
2703,1633
2703,1679
2703,1814
2703,2016
2703,2116
2703,2135
2703,2225
2703,2231
2703,2290
2703,2297
2703,2325
2703,2338
2703,2356
2703,2398
2703,2411
2703,2416
2703,2474
2703,2542
2703,2565
2703,2576
2703,2594
2703,2623
2703,2625
2703,2651
2703,2660
2703,2700
2703,2708
2703,2713
2703,2754
2703,2819
2706,856
2706,1814
2706,2325
2706,2565
2706,2597
2706,2700
2706,2708
2707,290
2707,825
2707,856
2707,1239
2707,1357
2707,1385
2707,1437
2707,1549
2707,1633
2707,1679
2707,1814
2707,1919
2707,2066
2707,2225
2707,2237
2707,2251
2707,2289
2707,2325
2707,2328
2707,2338
2707,2356
2707,2364
2707,2384
2707,2398
2707,2474
2707,2516
2707,2535
2707,2565
2707,2593
2707,2594
2707,2617
2707,2625
2707,2646
2707,2653
2707,2662
2707,2787
2707,2856
2708,346
2708,2651
2713,204
2713,285
2713,417
2713,465
2713,825
2713,827
2713,1100
2713,1157
2713,1166
2713,1239
2713,1297
2713,1307
2713,1385
2713,1549
2713,1571
2713,1633
2713,1679
2713,1706
2713,1729
2713,1777
2713,1990
2713,2016
2713,2066
2713,2134
2713,2144
2713,2209
2713,2210
2713,2252
2713,2257
2713,2289
2713,2290
2713,2297
2713,2307
2713,2324
2713,2325
2713,2328
2713,2338
2713,2356
2713,2384
2713,2398
2713,2411
2713,2416
2713,2474
2713,2485
2713,2506
2713,2508
2713,2510
2713,2516
2713,2535
2713,2542
2713,2544
2713,2565
2713,2576
2713,2585
2713,2594
2713,2595
2713,2597
2713,2612
2713,2623
2713,2625
2713,2646
2713,2651
2713,2653
2713,2654
2713,2655
2713,2657
2713,2660
2713,2667
2713,2674
2713,2693
2713,2746
2713,2747
2713,2754
2713,2799
2713,2819
2713,2859
2724,1777
2727,737
2727,1211
2727,1357
2727,1754
2727,1918
2727,2251
2727,2289
2727,2297
2727,2328
2727,2474
2727,2485
2727,2510
2727,2585
2727,2593
2727,2653
2746,825
2746,1549
2746,2066
2746,2102
2746,2256
2746,2328
2746,2474
2746,2585
2746,2594
2746,2595
2746,2651
2746,2814
2746,2825
2746,2844
2747,974
2747,1100
2747,1297
2747,1729
2747,1744
2747,2145
2747,2257
2747,2289
2747,2290
2747,2328
2747,2411
2747,2485
2747,2510
2747,2565
2747,2585
2747,2625
2747,2651
2747,2654
2747,2657
2747,2674
2747,2687
2747,2693
2747,2746
2764,1646
2768,425
2768,1291
2768,1419
2768,1596
2768,1646
2768,1705
2768,1723
2768,1808
2768,2053
2768,2120
2768,2174
2768,2264
2768,2323
2768,2375
2768,2416
2768,2542
2768,2547
2768,2560
2768,2599
2768,2646
2768,2707
2768,2721
2768,2799
2768,2805
2768,2809
2768,2815
2768,2834
2768,2877
2775,1633
2775,1799
2775,2120
2775,2174
2775,2297
2775,2328
2775,2410
2775,2576
2775,2660
2775,2777
2775,2871
2787,2517
2790,204
2790,417
2790,465
2790,633
2790,762
2790,827
2790,856
2790,974
2790,1166
2790,1297
2790,1357
2790,1549
2790,1571
2790,1633
2790,1706
2790,1744
2790,1754
2790,1777
2790,1814
2790,1935
2790,1982
2790,1990
2790,2114
2790,2116
2790,2120
2790,2135
2790,2144
2790,2160
2790,2174
2790,2209
2790,2231
2790,2256
2790,2297
2790,2322
2790,2324
2790,2326
2790,2398
2790,2411
2790,2474
2790,2510
2790,2516
2790,2535
2790,2542
2790,2544
2790,2576
2790,2585
2790,2593
2790,2594
2790,2625
2790,2646
2790,2651
2790,2654
2790,2657
2790,2660
2790,2662
2790,2687
2790,2693
2790,2697
2790,2700
2790,2713
2790,2747
2790,2794
2790,2838
2790,2856
2799,1777
2799,2565
2799,2686
2811,2066
2811,2398
2811,2433
2815,1291
2815,1633
2815,1734
2815,2102
2815,2322
2815,2323
2815,2625
2815,2693
2819,1549
2819,1633
2819,2016
2819,2660
2819,2825
2822,214
2822,403
2822,737
2822,762
2822,765
2822,856
2822,1211
2822,1291
2822,1723
2822,1935
2822,2114
2822,2174
2822,2256
2822,2322
2822,2323
2822,2354
2822,2416
2822,2535
2822,2625
2822,2654
2822,2707
2822,2834
2822,2856
2822,2880
2830,1723
2830,2120
2830,2323
2830,2547
2830,2560
2830,2877
2831,425
2831,1166
2831,2256
2831,2328
2831,2381
2831,2474
2831,2594
2831,2625
2831,2674
2831,2834
2838,1211
2838,1297
2838,1419
2838,1633
2838,2290
2838,2535
2838,2585
2838,2593
2838,2657
2838,2660
2838,2727
2838,2746
2842,204
2842,285
2842,417
2842,825
2842,1157
2842,1166
2842,1357
2842,1385
2842,1549
2842,1571
2842,1633
2842,1679
2842,1744
2842,1754
2842,1919
2842,1990
2842,2016
2842,2066
2842,2135
2842,2144
2842,2209
2842,2231
2842,2252
2842,2290
2842,2297
2842,2324
2842,2328
2842,2356
2842,2398
2842,2416
2842,2474
2842,2485
2842,2508
2842,2510
2842,2542
2842,2565
2842,2576
2842,2594
2842,2597
2842,2623
2842,2625
2842,2646
2842,2651
2842,2653
2842,2654
2842,2660
2842,2667
2842,2674
2842,2687
2842,2693
2842,2700
2842,2746
2842,2747
2842,2799
2842,2819
2842,2830
2842,2859
2844,2880
2851,737
2851,967
2851,1723
2851,1754
2851,2356
2851,2485
2851,2506
2851,2508
2851,2535
2851,2856
2851,2871
2856,2264
2856,2662
2859,762
2859,825
2859,1157
2859,1239
2859,1307
2859,1769
2859,1777
2859,2014
2859,2144
2859,2145
2859,2237
2859,2264
2859,2307
2859,2328
2859,2398
2859,2485
2859,2506
2859,2508
2859,2516
2859,2517
2859,2542
2859,2565
2859,2585
2859,2746
2859,2775
2859,2790
2859,2871
2871,72
2871,204
2871,214
2871,290
2871,465
2871,633
2871,737
2871,762
2871,825
2871,827
2871,856
2871,1157
2871,1211
2871,1239
2871,1267
2871,1297
2871,1307
2871,1310
2871,1315
2871,1357
2871,1360
2871,1385
2871,1393
2871,1416
2871,1548
2871,1571
2871,1596
2871,1679
2871,1680
2871,1688
2871,1706
2871,1769
2871,1777
2871,1781
2871,1814
2871,1918
2871,1919
2871,2016
2871,2066
2871,2116
2871,2134
2871,2135
2871,2145
2871,2210
2871,2225
2871,2231
2871,2240
2871,2251
2871,2252
2871,2256
2871,2257
2871,2290
2871,2297
2871,2323
2871,2325
2871,2328
2871,2364
2871,2369
2871,2371
2871,2381
2871,2384
2871,2386
2871,2398
2871,2411
2871,2456
2871,2470
2871,2474
2871,2485
2871,2506
2871,2516
2871,2544
2871,2550
2871,2560
2871,2585
2871,2592
2871,2595
2871,2612
2871,2617
2871,2625
2871,2651
2871,2653
2871,2655
2871,2657
2871,2662
2871,2689
2871,2696
2871,2697
2871,2700
2871,2707
2871,2713
2871,2724
2871,2746
2871,2775
2871,2790
2871,2815
2871,2819
2871,2880
2880,2686
